timestamp,ch0_V,ch1_V,ch2_V,ch3_V,ch4_V,ch5_V,ch6_V,ch7_V
2025-08-12T16:19:23.046,-0.000667,-0.000333,0.000000,0.000000,0.000000,0.000000,0.000000,0.000000
2025-08-12T16:19:23.627,-0.000333,-0.000667,0.000000,0.000000,0.000000,0.000000,0.000000,0.000000
2025-08-12T16:19:24.142,-0.000333,0.000000,0.000000,0.000000,0.000333,0.000000,0.000000,0.000000
2025-08-12T16:19:24.657,0.000000,-0.000333,0.000000,0.000000,0.000000,0.000000,0.000000,0.000000
2025-08-12T16:19:25.172,-0.000333,-0.000333,0.000000,0.000000,0.000333,0.000000,0.000000,0.000000
2025-08-12T16:19:25.687,-0.000333,-0.000333,0.000000,0.000000,0.000000,0.000000,0.000000,0.000000
2025-08-12T16:19:26.202,-0.000333,0.000000,0.000000,0.000000,0.000000,0.000000,0.000333,0.000000
2025-08-12T16:19:26.717,2.457000,-0.000333,0.000000,0.000000,0.000000,0.000000,0.000000,0.000333
2025-08-12T16:19:27.232,2.459000,0.000000,0.000000,0.000000,0.000000,0.000000,0.000000,0.000000
2025-08-12T16:19:27.747,2.459000,-0.000333,0.000000,0.000000,0.000000,0.000333,0.000000,0.000000
2025-08-12T16:19:28.262,2.460000,-0.000333,0.000000,0.000000,0.000000,0.000000,0.000333,0.000000
2025-08-12T16:19:28.777,2.459667,-0.000333,0.000000,0.000000,0.000000,0.000000,-0.000333,0.000000
2025-08-12T16:19:29.292,2.459667,0.000000,0.000000,0.000000,-0.000333,0.000000,0.000000,0.000000
2025-08-12T16:19:29.802,2.460333,-0.000333,0.000000,0.000000,0.000000,0.000000,0.000333,0.000000
2025-08-12T16:19:30.317,2.459667,-0.000333,0.000000,0.000000,0.000000,0.000000,0.000000,0.000000
2025-08-12T16:19:30.832,2.459667,-0.000333,0.000000,0.000000,0.000000,0.000000,0.000333,0.000000
2025-08-12T16:19:31.347,2.460000,-0.000333,0.000000,0.000000,0.000000,0.000000,0.000000,0.000333
2025-08-12T16:19:31.862,2.459667,-0.000333,0.000000,0.000000,0.000000,0.000000,0.000000,0.000000
2025-08-12T16:19:32.372,2.460000,-0.000333,0.000000,0.000000,0.000000,0.000000,0.000000,0.000000
2025-08-12T16:19:32.887,2.460667,-0.000333,0.000000,0.000000,0.000000,0.000000,0.000000,0.000000
2025-08-12T16:19:33.402,2.460000,-0.000333,0.000000,0.000000,0.000000,0.000000,0.000333,0.000333
2025-08-12T16:19:33.917,2.460333,0.000000,0.000000,0.000000,0.000000,0.000000,0.000000,0.000000
2025-08-12T16:19:34.433,2.460333,-0.000333,0.000000,0.000000,0.000000,0.000000,0.000000,0.000000
2025-08-12T16:19:34.947,2.460333,-0.000667,0.000000,0.000000,0.000000,0.000000,0.000000,0.000000
2025-08-12T16:19:35.462,2.459667,0.000000,0.000000,0.000000,0.000000,0.000000,0.000000,0.000333
2025-08-12T16:19:35.972,2.460333,-0.000333,0.000000,0.000000,0.000000,0.000000,0.000000,0.000000
2025-08-12T16:19:36.487,2.460333,-0.000333,0.000000,0.000000,0.000000,0.000000,0.000000,0.000000
2025-08-12T16:19:37.002,2.459667,-0.000667,0.000000,0.000000,0.000000,0.000000,0.000000,0.000333
2025-08-12T16:19:37.517,2.460333,-0.000333,0.000000,0.000000,0.000000,0.000000,0.000000,0.000333
2025-08-12T16:19:38.032,2.459667,-0.000667,0.000000,0.000000,0.000000,0.000000,0.000000,0.000000
2025-08-12T16:19:38.547,2.459667,-0.000667,0.000333,0.000000,0.000000,0.000000,0.000000,0.000333
2025-08-12T16:19:39.062,2.460333,-0.000333,0.000000,0.000000,0.000000,0.000000,0.000000,0.000333
2025-08-12T16:19:39.572,2.460333,-0.000333,0.000000,0.000000,0.000000,0.000000,0.000000,0.000000
2025-08-12T16:19:40.087,2.460000,-0.000333,0.000000,0.000000,0.000000,0.000000,0.000000,0.000333
2025-08-12T16:19:40.603,2.460000,0.000000,0.000000,0.000000,0.000000,0.000000,0.000000,0.000000
2025-08-12T16:19:41.117,2.460000,-0.000667,0.000000,0.000000,0.000000,0.000000,0.000000,0.000333
2025-08-12T16:19:41.632,2.460333,-0.000333,0.000000,0.000000,0.000000,0.000000,0.000000,0.000000
2025-08-12T16:19:42.147,2.460333,-0.000333,0.000000,0.000000,0.000000,0.000000,0.000000,0.000333
2025-08-12T16:19:42.662,2.460333,-0.000667,0.000000,0.000000,0.000000,0.000000,0.000000,0.000333
2025-08-12T16:19:43.172,2.460000,0.000000,0.000000,0.000000,0.000000,0.000000,0.000000,0.000333
2025-08-12T16:19:43.688,2.461000,-0.000333,0.000000,0.000000,0.000000,0.000000,0.000000,0.000000
2025-08-12T16:19:44.202,2.460333,-0.000333,0.000000,0.000000,0.000333,0.000000,0.000000,0.000000
2025-08-12T16:19:44.718,2.459667,-0.000333,0.000000,0.000000,0.000000,0.000000,0.000000,0.000333
2025-08-12T16:19:45.233,2.461000,-0.000333,-0.000333,0.000000,0.000000,0.000000,0.000000,0.000333
2025-08-12T16:19:45.747,2.460333,-0.000333,0.000000,0.000000,0.000000,0.000000,0.000000,0.000333
2025-08-12T16:19:46.263,2.459667,-0.000667,0.000000,0.000000,0.000000,0.000000,0.000000,0.000333
2025-08-12T16:19:46.778,2.460333,-0.000667,0.000000,0.000000,0.000000,0.000000,0.000000,0.000333
2025-08-12T16:19:47.293,2.460000,-0.000667,0.000000,0.000000,0.000000,0.000000,0.000000,0.000333
2025-08-12T16:19:47.808,2.460333,-0.000333,0.000000,0.000000,0.000000,0.000000,0.000000,0.000333
2025-08-12T16:19:48.322,2.460333,-0.000333,-0.000333,0.000000,0.000000,0.000000,0.000000,0.000000
2025-08-12T16:19:48.838,2.460000,-0.000333,0.000000,0.000000,0.000000,0.000000,0.000000,0.000333
2025-08-12T16:19:49.353,2.460000,-0.000667,0.000000,0.000000,0.000000,0.000000,0.000000,0.000000
2025-08-12T16:19:49.868,2.460000,-0.000333,0.000000,0.000000,0.000000,0.000000,0.000000,0.000000
2025-08-12T16:19:50.378,2.460000,-0.000333,0.000000,0.000000,0.000000,0.000000,0.000000,0.000333
2025-08-12T16:19:50.893,2.460333,-0.000333,0.000000,0.000000,0.000000,0.000000,0.000000,0.000000
2025-08-12T16:19:51.408,2.460333,-0.000667,0.000000,0.000000,0.000000,0.000000,0.000000,0.000333
2025-08-12T16:19:51.923,2.460333,0.000000,0.000000,0.000000,0.000000,0.000000,0.000000,0.000000
2025-08-12T16:19:52.438,2.460000,-0.000333,0.000000,0.000000,0.000000,0.000000,0.000000,0.000333
2025-08-12T16:19:52.953,2.460333,-0.000333,0.000000,0.000000,0.000000,0.000000,0.000000,0.000000
2025-08-12T16:19:53.468,2.460333,-0.000333,0.000000,0.000000,0.000000,0.000000,0.000000,0.000333
2025-08-12T16:19:53.983,2.460333,0.000000,0.000000,0.000000,0.000000,0.000000,0.000000,0.000000
2025-08-12T16:19:54.498,2.460333,-0.000333,0.000000,0.000000,0.000000,0.000000,0.000000,0.000333
2025-08-12T16:19:55.008,2.460333,0.000000,0.000000,0.000000,0.000000,0.000000,0.000000,0.000333
2025-08-12T16:19:55.518,2.460333,-0.000333,0.000000,0.000000,0.000000,0.000000,0.000000,0.000000
2025-08-12T16:19:56.033,2.460667,-0.000667,0.000000,0.000000,0.000000,0.000000,0.000000,0.000000
2025-08-12T16:19:56.548,2.460333,-0.000667,0.000000,0.000000,0.000000,0.000000,0.000000,0.000000
2025-08-12T16:19:57.063,2.459667,-0.000667,0.000000,0.000000,0.000000,0.000000,0.000000,0.000333
2025-08-12T16:19:57.578,2.460667,-0.000333,0.000000,0.000000,0.000000,0.000000,0.000000,0.000333
2025-08-12T16:19:58.095,2.460333,-0.000333,0.000000,0.000000,0.000000,0.000000,0.000000,0.000333
2025-08-12T16:19:58.608,2.460333,-0.000333,0.000000,0.000000,0.000000,0.000000,0.000000,0.000333
2025-08-12T16:19:59.123,2.460667,-0.000333,0.000000,0.000000,-0.000333,0.000000,0.000000,0.000333
2025-08-12T16:19:59.638,2.459667,-0.000333,0.000000,0.000000,0.000000,0.000000,0.000000,0.000333
2025-08-12T16:20:00.148,2.460333,-0.000667,-0.000333,0.000000,0.000000,0.000000,0.000000,0.000000
2025-08-12T16:20:00.663,2.461000,-0.000333,0.000000,0.000000,0.000000,0.000000,0.000000,0.000333
timestamp,ch0_V,ch1_V,ch2_V,ch3_V,ch4_V,ch5_V,ch6_V,ch7_V
2025-08-12T16:20:15.689,3.690000,-0.001000,-0.000500,0.000000,0.000000,0.000000,0.000000,0.000000
2025-08-12T16:20:16.205,3.690500,-0.000500,0.000000,0.000000,0.000000,0.000000,0.000000,0.000500
2025-08-12T16:20:16.714,3.690500,-0.000500,0.000000,0.000000,0.000000,0.000000,0.000000,0.000500
2025-08-12T16:20:17.230,3.690000,-0.000500,0.000000,0.000000,0.000000,0.000000,0.000000,0.000500
2025-08-12T16:20:17.740,3.691000,-0.000500,-0.000500,0.000000,0.000000,0.000000,0.000000,0.000500
2025-08-12T16:20:18.255,3.690000,-0.001000,0.000000,0.000000,0.000000,0.000000,0.000000,0.000000
2025-08-12T16:20:18.770,3.690000,-0.001000,0.000000,0.000000,0.000000,0.000000,0.000000,0.000500
2025-08-12T16:20:19.285,3.690500,-0.000500,0.000000,-0.000500,0.000000,0.000000,0.000000,0.000000
2025-08-12T16:20:19.800,3.690000,-0.001000,0.000000,0.000000,0.000000,0.000000,0.000000,0.000000
2025-08-12T16:20:20.314,3.690500,-0.000500,0.000000,0.000000,0.000000,0.000000,0.000000,0.000500
2025-08-12T16:20:20.830,3.690500,-0.001000,0.000000,-0.000500,0.000000,0.000000,0.000000,0.000500
2025-08-12T16:20:21.345,3.690000,-0.000500,0.000000,0.000000,0.000000,0.000000,-0.000500,0.000500
2025-08-12T16:20:21.860,3.690000,-0.001000,0.000000,0.000000,0.000000,0.000000,0.000000,0.000500
2025-08-12T16:20:22.375,3.691500,-0.001000,-0.000500,0.000000,0.000000,0.000000,0.000000,0.000500
2025-08-12T16:20:22.885,3.690000,-0.000500,0.000000,0.000000,0.000000,0.000000,0.000000,0.000000
2025-08-12T16:20:23.400,3.690500,-0.000500,0.000000,0.000000,0.000000,0.000000,0.000000,0.000500
2025-08-12T16:20:23.915,3.690500,-0.001000,0.000000,0.000000,0.000000,0.000000,0.000000,0.000000
2025-08-12T16:20:24.430,3.690500,-0.001000,0.000000,0.000000,0.000000,0.000000,0.000000,0.000000
2025-08-12T16:20:24.945,3.690500,-0.001000,0.000000,0.000000,0.000000,0.000000,0.000000,0.000000
2025-08-12T16:20:25.460,3.691500,-0.000500,0.000000,0.000000,0.000000,0.000000,0.000000,0.001000
2025-08-12T16:20:25.975,3.690500,-0.000500,0.000000,0.000000,0.000000,0.000000,0.000000,0.000000
2025-08-12T16:20:26.485,3.690500,-0.000500,0.000000,0.000000,0.000000,0.000000,0.000000,0.000000
2025-08-12T16:20:27.000,3.690500,-0.000500,0.000000,0.000000,0.000000,0.000000,0.000500,0.000500
2025-08-12T16:20:27.515,3.691500,-0.000500,0.000000,0.000000,0.000000,0.000000,0.000000,0.000500
2025-08-12T16:20:28.030,3.690500,-0.000500,0.000000,0.000000,0.000000,0.000000,0.000000,0.000000
2025-08-12T16:20:28.545,3.691000,-0.001000,0.000000,0.000000,0.000000,0.000000,0.000000,0.000500
2025-08-12T16:20:29.060,3.690500,-0.001000,0.000000,0.000000,0.000000,0.000000,0.000000,0.000500
2025-08-12T16:20:29.570,3.690500,-0.000500,-0.000500,0.000000,0.000000,0.000000,0.000500,0.000000
2025-08-12T16:20:30.085,3.690000,-0.000500,0.000000,0.000000,0.000000,0.000000,0.000000,0.000500
2025-08-12T16:20:30.600,3.690000,-0.000500,0.000000,0.000000,0.000000,0.000000,0.000000,0.000500
2025-08-12T16:20:31.115,3.690000,-0.001000,0.000000,0.000000,0.000000,0.000000,0.000000,0.000000
2025-08-12T16:20:31.630,3.690000,-0.000500,0.000000,0.000000,0.000000,0.000000,0.000000,0.000000
2025-08-12T16:20:32.145,3.690000,-0.001000,0.000000,0.000000,0.000000,0.000000,0.000000,0.000500
2025-08-12T16:20:32.660,3.689500,-0.000500,0.000000,0.000000,0.000000,0.000000,0.000000,0.000500
2025-08-12T16:20:33.170,3.691500,-0.000500,-0.000500,0.000000,0.000000,0.000000,0.000000,0.000500
2025-08-12T16:20:33.685,3.691000,0.000000,0.000000,0.000000,0.000000,0.000000,0.000000,0.000500
2025-08-12T16:20:34.200,3.690500,-0.000500,0.000000,0.000000,0.000000,0.000000,0.000000,0.000500
2025-08-12T16:20:34.710,3.689500,-0.000500,0.000000,0.000000,0.000000,0.000000,0.000000,0.000500
2025-08-12T16:20:35.225,3.691500,-0.000500,0.000000,0.000000,0.000000,0.000000,0.000000,0.000500
2025-08-12T16:20:35.740,3.690500,-0.000500,0.000000,0.000000,0.000000,0.000000,0.000000,0.000000
2025-08-12T16:20:36.255,3.690500,-0.000500,-0.000500,0.000000,0.000000,0.000000,0.000000,0.000500
2025-08-12T16:20:36.770,3.690500,-0.001000,0.000000,0.000000,0.000000,0.000000,0.000000,0.000000
2025-08-12T16:20:37.285,3.690000,-0.000500,0.000000,0.000000,0.000000,0.000000,0.000000,0.000500
2025-08-12T16:20:37.800,3.690500,-0.001000,0.000000,0.000000,0.000000,0.000000,0.000000,0.000500
2025-08-12T16:20:38.315,3.691000,-0.001000,0.000000,0.000000,0.000000,0.000000,0.000000,0.000000
2025-08-12T16:20:38.830,3.690500,-0.000500,0.000000,0.000000,0.000000,0.000000,0.000000,0.000000
2025-08-12T16:20:39.340,3.691000,-0.001000,0.000000,0.000000,0.000000,0.000000,0.000000,0.000500
2025-08-12T16:20:39.856,3.691000,-0.001000,0.000000,0.000000,0.000000,0.000000,0.000000,0.000500
2025-08-12T16:20:40.370,3.691000,-0.000500,0.000000,0.000000,0.000000,0.000000,0.000000,0.000500
2025-08-12T16:20:40.885,3.689500,-0.001000,0.000000,0.000000,0.000000,0.000000,0.000000,0.000500
2025-08-12T16:20:41.400,3.691000,-0.001000,0.000000,0.000000,0.000000,0.000000,0.000000,0.000000
2025-08-12T16:20:41.915,3.690000,-0.000500,0.000000,0.000000,0.000000,0.000000,0.000000,0.000500
2025-08-12T16:20:42.430,3.690500,-0.001000,0.000000,0.000000,0.000000,0.000000,0.000000,0.000000
2025-08-12T16:20:42.945,3.690500,0.000000,0.000000,0.000000,0.000000,0.000000,0.000000,0.000500
2025-08-12T16:20:43.460,3.690500,-0.001000,0.000000,0.000000,0.000000,0.000000,0.000000,0.000000
2025-08-12T16:20:43.975,3.564500,-0.001000,0.000000,0.000000,0.000000,0.000000,0.000000,0.000500
2025-08-12T16:20:44.490,3.138000,-0.001000,0.000000,0.000000,0.000000,0.000000,0.000000,0.000000
2025-08-12T16:20:45.005,2.765500,-0.000500,0.000000,0.000000,0.000000,0.000000,0.000000,0.000000
2025-08-12T16:20:45.520,2.439000,-0.001000,0.000000,0.000000,0.000000,0.000000,0.000000,0.000500
2025-08-12T16:20:46.035,2.151000,0.000000,0.000000,0.000000,0.000000,0.000000,0.000000,0.000000
2025-08-12T16:20:46.550,1.891000,0.000000,0.000000,0.000000,-0.001000,0.000000,0.000000,0.000500
2025-08-12T16:20:47.065,1.669500,-0.001000,0.000000,0.000000,0.000000,0.000000,0.000000,0.000500
timestamp,ch0_V,ch1_V,ch2_V,ch3_V,ch4_V,ch5_V,ch6_V,ch7_V
2025-08-12T17:10:20.401,-0.001000,-0.000500,-0.000500,0.000000,0.000000,0.000000,0.000000,0.000500
2025-08-12T17:10:20.917,-0.001000,-0.000500,-0.000500,-0.000500,0.000000,0.000000,0.000000,0.000000
2025-08-12T17:10:21.431,-0.001000,-0.000500,0.000000,-0.000500,0.000000,0.000000,0.000000,0.000500
2025-08-12T17:10:21.947,-0.000500,-0.000500,-0.000500,0.000000,0.000000,0.000000,0.000000,0.000500
2025-08-12T17:10:22.462,-0.000500,0.000000,-0.000500,-0.000500,0.000000,0.000000,0.000000,0.000000
2025-08-12T17:10:22.977,-0.001000,-0.000500,0.000000,-0.000500,0.000000,0.000000,0.000000,0.000000
2025-08-12T17:10:23.492,-0.001000,-0.000500,-0.000500,0.000000,0.000000,0.000000,0.000000,0.000500
2025-08-12T17:10:24.007,-0.001000,-0.000500,-0.000500,-0.000500,0.000000,0.000000,0.000000,0.000500
2025-08-12T17:10:24.522,-0.001000,-0.000500,-0.000500,-0.000500,0.000000,0.000000,0.000000,0.000000
2025-08-12T17:10:25.037,-0.001000,-0.000500,-0.000500,0.000000,0.000000,0.000000,0.000000,0.000000
2025-08-12T17:10:25.552,-0.000500,-0.000500,-0.000500,0.000000,0.000000,0.000000,0.000000,0.000500
2025-08-12T17:10:26.067,-0.001000,0.000000,-0.000500,0.000000,0.000000,0.000000,0.000000,0.000000
2025-08-12T17:10:26.581,-0.001000,-0.000500,0.000000,-0.000500,0.000000,0.000000,0.000000,0.000500
2025-08-12T17:10:27.097,-0.001000,-0.000500,0.000000,0.000000,0.000000,0.000000,0.000000,0.000500
2025-08-12T17:10:27.612,2.477500,-0.001000,0.000000,0.000000,0.000000,0.000000,0.000000,0.000500
2025-08-12T17:10:28.127,3.548500,-0.000500,-0.000500,0.000000,0.000000,0.000000,0.000000,0.000500
2025-08-12T17:10:28.642,3.549500,-0.000500,-0.000500,0.000000,0.000000,0.000000,0.000000,0.000000
2025-08-12T17:10:29.157,3.549000,-0.000500,0.000000,0.000000,0.000000,0.000000,0.000000,0.000500
2025-08-12T17:10:29.672,3.550000,-0.000500,-0.001000,-0.000500,0.000000,0.000000,0.000000,0.000000
2025-08-12T17:10:30.187,3.549000,-0.001000,0.000000,-0.000500,0.000000,0.000000,0.000000,0.000000
2025-08-12T17:10:30.702,3.549500,0.000000,-0.000500,-0.000500,0.000000,0.000000,0.000000,0.000000
2025-08-12T17:10:31.217,3.550000,-0.001000,0.000000,0.000000,0.000000,0.000000,0.000000,0.000000
2025-08-12T17:10:31.732,3.549500,-0.000500,0.000000,0.000000,0.000000,0.000000,0.000000,0.000500
2025-08-12T17:10:32.247,3.549500,-0.001000,0.000000,-0.000500,0.000000,0.000000,-0.000500,0.000000
2025-08-12T17:10:32.762,3.549500,0.000000,-0.001000,0.000000,0.000000,0.000000,0.000000,0.000000
2025-08-12T17:10:33.277,3.550000,-0.000500,-0.000500,0.000000,0.000000,0.000000,0.000000,0.000000
2025-08-12T17:10:33.792,3.549500,-0.000500,0.000000,0.000000,0.000000,0.000000,0.000000,0.000500
2025-08-12T17:10:34.307,3.549500,0.000000,-0.001000,0.000000,0.000000,0.000000,0.000000,0.000500
2025-08-12T17:10:34.822,3.549500,-0.001000,0.000000,-0.000500,0.000000,0.000000,0.000000,0.000000
2025-08-12T17:10:35.337,3.549000,0.000000,-0.000500,0.000000,0.000000,-0.000500,0.000000,0.000500
2025-08-12T17:10:35.852,3.550000,-0.001000,-0.000500,-0.000500,0.000000,0.000000,0.000000,0.000500
2025-08-12T17:10:36.367,3.549500,-0.000500,-0.000500,-0.000500,0.000000,0.000000,-0.000500,0.000500
2025-08-12T17:10:36.882,3.549500,-0.000500,-0.000500,0.000000,0.000000,0.000000,0.000000,0.000500
2025-08-12T17:10:37.392,3.549500,-0.000500,0.000000,0.000000,0.000000,0.000000,0.000000,0.000500
2025-08-12T17:10:37.907,3.549500,-0.001000,0.000000,-0.001000,0.000000,0.000000,0.000000,0.000500
2025-08-12T17:10:38.417,3.550000,0.000000,0.000000,-0.000500,0.000000,0.000000,-0.000500,0.000500
2025-08-12T17:10:38.932,3.549500,-0.000500,0.000000,0.000000,0.000000,0.000000,0.000000,0.000500
2025-08-12T17:10:39.447,3.549500,-0.000500,-0.001000,0.000000,0.000000,0.000000,-0.000500,0.000500
2025-08-12T17:10:39.962,3.549500,0.000000,-0.000500,0.000000,0.000000,0.000000,0.000000,0.000000
2025-08-12T17:10:40.477,3.550000,-0.000500,-0.001000,-0.000500,0.000500,0.000000,0.000000,0.000500
2025-08-12T17:10:40.992,3.549500,-0.000500,0.000000,0.000000,0.000000,0.000000,0.000000,0.000500
2025-08-12T17:10:41.507,3.549500,-0.000500,-0.000500,0.000000,0.000000,0.000000,-0.000500,0.000500
2025-08-12T17:10:42.017,3.550500,-0.001000,-0.000500,0.000000,0.000000,0.000000,0.000000,0.000000
2025-08-12T17:10:42.532,3.549500,-0.001000,0.000000,0.000000,0.000000,0.000000,0.000000,0.000500
2025-08-12T17:10:43.042,3.550000,-0.000500,-0.000500,-0.000500,0.000000,0.000000,0.000000,0.000500
2025-08-12T17:10:43.557,3.550000,-0.000500,0.000000,0.000000,0.000000,0.000000,0.000000,0.000000
2025-08-12T17:10:44.072,3.549500,-0.001000,-0.000500,0.000000,-0.001000,0.000000,0.000000,0.000500
2025-08-12T17:10:44.582,3.549500,-0.000500,0.000000,-0.000500,0.000000,0.000000,0.000000,0.000500
2025-08-12T17:10:45.097,3.549500,-0.001000,0.000000,-0.000500,0.000000,-0.001000,0.000000,0.000500
2025-08-12T17:10:45.612,3.549500,-0.000500,-0.000500,0.000000,0.000000,0.000000,0.000000,0.000000
2025-08-12T17:10:46.127,3.549500,-0.000500,-0.000500,0.000000,0.000000,0.000000,0.000000,0.000500
2025-08-12T17:10:46.642,3.549500,0.000000,-0.000500,-0.000500,0.000000,0.000000,0.000000,0.000000
2025-08-12T17:10:47.157,3.549500,-0.000500,-0.000500,-0.000500,0.000000,0.000000,0.000000,0.000500
2025-08-12T17:10:47.672,3.549000,-0.000500,-0.000500,0.000000,0.000000,0.000000,0.000000,0.000500
2025-08-12T17:10:48.187,3.550000,-0.000500,0.000000,0.000000,0.000000,0.000000,0.000000,0.000500
2025-08-12T17:10:48.702,3.549500,-0.001000,0.000000,0.000000,0.000000,0.000000,0.000000,0.000500
2025-08-12T17:10:49.217,3.550000,-0.000500,-0.000500,0.000000,0.000000,0.000000,0.000000,0.000000
2025-08-12T17:10:49.732,3.550000,-0.001000,0.000000,0.000000,0.000000,0.000000,0.000000,0.000500
2025-08-12T17:10:50.247,3.549500,0.000000,0.000000,0.000000,0.000000,0.000000,0.000000,0.000500
2025-08-12T17:10:50.762,3.549500,-0.001000,-0.000500,0.000000,0.000000,0.000000,-0.001000,0.000500
2025-08-12T17:10:51.277,3.549500,-0.001000,0.000000,0.000000,0.000000,0.000000,-0.000500,0.000500
2025-08-12T17:10:51.792,3.549500,-0.001000,-0.000500,-0.000500,0.000000,0.000000,0.000000,0.000000
2025-08-12T17:10:52.308,3.549500,-0.000500,0.000000,0.000000,0.000000,0.000000,0.000000,0.000500
2025-08-12T17:10:52.823,3.549500,-0.000500,-0.000500,0.000000,0.000500,0.000000,0.000000,0.000000
2025-08-12T17:10:53.337,3.549500,-0.001000,0.000000,-0.000500,0.000000,0.000000,0.000000,0.000500
2025-08-12T17:10:53.852,3.550000,-0.001000,0.000000,-0.000500,0.000000,0.000000,0.000000,0.000500
2025-08-12T17:10:54.362,3.550000,-0.001000,-0.000500,-0.000500,0.000000,0.000000,0.000000,0.000500
2025-08-12T17:10:54.878,3.549500,-0.001000,-0.000500,-0.000500,0.000000,0.000000,0.000000,0.000500
2025-08-12T17:10:55.392,3.549500,0.000000,0.000000,0.000000,0.000000,0.000000,0.000000,0.000500
2025-08-12T17:10:55.908,3.549000,-0.001000,-0.001000,0.000000,0.000000,0.000000,0.000000,0.000500
2025-08-12T17:10:56.423,3.549500,-0.001000,-0.000500,-0.000500,0.000000,0.000000,-0.000500,0.000500
2025-08-12T17:10:56.938,3.549500,-0.001000,0.000000,0.000000,0.000000,0.000000,0.000000,0.000500
2025-08-12T17:10:57.453,3.549500,0.000000,-0.000500,-0.000500,0.000000,0.000000,0.000000,0.000500
2025-08-12T17:10:57.968,3.549500,-0.000500,-0.000500,0.000000,0.000500,0.000000,0.000000,0.000000
2025-08-12T17:10:58.483,3.549500,-0.001000,-0.000500,0.000000,0.000000,0.000000,0.000000,0.000500
2025-08-12T17:10:58.998,3.549500,-0.000500,-0.000500,0.000000,0.000000,0.000000,-0.000500,0.000000
2025-08-12T17:10:59.513,3.549500,-0.000500,0.000000,-0.000500,0.000000,0.000000,0.000000,0.000500
2025-08-12T17:11:00.028,3.549500,-0.000500,-0.001000,-0.000500,0.000000,0.000000,0.000000,0.000500
2025-08-12T17:11:00.543,3.549000,-0.000500,-0.000500,0.000000,0.000000,0.000000,0.000000,0.000500
2025-08-12T17:11:01.058,3.550000,0.000000,-0.000500,0.000000,0.000000,0.000000,0.000000,0.000500
2025-08-12T17:11:01.573,3.549500,0.000000,0.000000,0.000000,0.000000,0.000000,0.000000,0.000500
2025-08-12T17:11:02.088,3.549500,-0.001000,-0.000500,0.000000,0.000000,0.000000,0.000000,0.000000
2025-08-12T17:11:02.603,3.549500,-0.000500,0.000000,-0.000500,0.000500,0.000000,0.000000,0.000500
2025-08-12T17:11:03.113,3.549000,0.000000,0.000000,-0.000500,0.000000,0.000000,-0.000500,0.000500
2025-08-12T17:11:03.628,3.550000,-0.000500,-0.000500,0.000000,0.000000,0.000000,0.000000,0.000000
2025-08-12T17:11:04.143,3.544000,0.000000,-0.000500,-0.000500,0.000000,0.000000,0.000000,0.000500
2025-08-12T17:11:04.658,3.545500,-0.000500,-0.000500,0.000000,0.000000,0.000000,0.000000,0.000000
2025-08-12T17:11:05.173,3.546000,-0.000500,-0.000500,-0.000500,0.000000,0.000000,0.000000,0.000500
2025-08-12T17:11:05.688,3.544500,-0.000500,-0.000500,0.000000,0.000000,0.000000,0.000000,0.000500
2025-08-12T17:11:06.203,3.545000,-0.001000,-0.000500,0.000000,0.000000,0.000000,-0.000500,0.000000
2025-08-12T17:11:06.718,3.545000,0.000000,-0.001000,-0.000500,0.000000,0.000000,0.000000,0.000500
2025-08-12T17:11:07.233,3.546000,-0.000500,-0.001000,-0.000500,0.000000,0.000000,0.000000,0.000000
2025-08-12T17:11:07.748,3.545500,-0.001000,-0.000500,0.000000,0.000000,0.000000,-0.000500,0.000000
2025-08-12T17:11:08.263,3.545000,-0.000500,-0.001000,0.000000,0.000000,0.000000,0.000000,0.000000
2025-08-12T17:11:08.778,3.544500,-0.000500,-0.001000,0.000000,0.000000,0.000000,-0.000500,0.000500
2025-08-12T17:11:09.293,3.544500,-0.001000,-0.000500,-0.000500,0.000000,0.000000,0.000000,0.000500
2025-08-12T17:11:09.808,3.550000,-0.000500,-0.000500,0.000000,0.000000,0.000000,0.000000,0.000500
2025-08-12T17:11:10.323,3.549500,-0.001000,-0.001000,0.000000,0.000000,0.000000,0.000000,0.000500
2025-08-12T17:11:10.838,3.549500,-0.001000,-0.001000,-0.000500,0.000000,0.000000,0.000000,0.000000
2025-08-12T17:11:11.353,3.549500,-0.001000,-0.000500,-0.000500,0.000000,0.000000,0.000000,0.000000
2025-08-12T17:11:11.868,3.549500,-0.000500,0.000000,0.000000,0.000000,0.000000,0.000000,0.000000
2025-08-12T17:11:12.383,3.548500,-0.001000,0.000000,0.000000,0.000000,0.000000,0.000000,0.000500
2025-08-12T17:11:12.893,3.550500,-0.000500,-0.000500,-0.000500,0.000500,0.000000,-0.000500,0.000500
2025-08-12T17:11:13.408,3.551500,-0.000500,0.000000,-0.000500,0.000000,0.000000,0.000000,0.000500
2025-08-12T17:11:13.923,3.548000,-0.000500,-0.000500,-0.000500,0.000000,0.000000,0.000000,0.000000
2025-08-12T17:11:14.438,3.550500,-0.000500,-0.000500,0.000000,0.000000,0.000000,0.000000,0.000500
2025-08-12T17:11:14.948,3.549000,-0.001000,-0.000500,0.000000,0.000000,0.000000,0.000000,0.000500
2025-08-12T17:11:15.463,3.549000,-0.000500,-0.000500,0.000000,0.000000,0.000000,0.000000,0.000500
2025-08-12T17:11:15.978,3.548500,-0.000500,-0.000500,-0.000500,0.000000,0.000000,0.000000,0.000500
2025-08-12T17:11:16.493,3.551500,-0.000500,-0.000500,-0.000500,0.000000,0.000000,0.000000,0.000500
2025-08-12T17:11:17.008,3.542500,-0.000500,-0.000500,0.000000,0.000000,0.000000,0.000000,0.000500
2025-08-12T17:11:17.523,3.545000,-0.000500,-0.001000,0.000000,0.000000,0.000000,0.000000,0.000500
2025-08-12T17:11:18.038,3.545500,-0.000500,-0.001000,0.000000,0.000000,0.000000,-0.001000,0.000000
2025-08-12T17:11:18.553,3.544500,-0.000500,-0.000500,-0.000500,0.000000,0.000000,-0.000500,0.000500
2025-08-12T17:11:19.068,3.545500,-0.001000,-0.001000,0.000000,0.000000,0.000000,0.000000,0.000000
2025-08-12T17:11:19.583,3.546500,-0.001000,-0.000500,-0.001000,0.000000,0.000000,0.000000,0.000500
2025-08-12T17:11:20.098,3.544500,-0.001000,0.000000,-0.000500,0.000000,0.000000,0.000000,0.000000
2025-08-12T17:11:20.613,3.545500,-0.000500,0.000000,0.000000,0.000000,0.000000,0.000000,0.000500
2025-08-12T17:11:21.128,3.544500,-0.001000,0.000000,-0.000500,0.000000,0.000000,-0.000500,0.000500
2025-08-12T17:11:21.638,3.544500,-0.001000,-0.000500,-0.000500,0.000000,0.000000,-0.001000,0.000500
2025-08-12T17:11:22.153,3.544000,-0.000500,-0.000500,0.000000,0.000000,0.000000,-0.000500,0.000500
2025-08-12T17:11:22.668,3.545500,-0.000500,-0.000500,0.000000,0.000000,0.000000,0.000000,0.000500
2025-08-12T17:11:23.183,3.544500,-0.001000,-0.001000,-0.000500,0.000000,-0.001000,0.000000,0.000500
2025-08-12T17:11:23.698,3.545500,-0.001000,-0.000500,0.000000,0.000000,0.000000,0.000000,0.000000
2025-08-12T17:11:24.214,3.543500,-0.001000,-0.000500,-0.000500,0.000000,0.000000,0.000000,0.000500
2025-08-12T17:11:24.728,3.546000,-0.000500,0.000000,0.000000,0.000000,0.000000,0.000000,0.000000
2025-08-12T17:11:25.243,3.544500,-0.001000,-0.000500,-0.000500,0.000000,0.000000,-0.000500,0.000500
2025-08-12T17:11:25.758,3.545500,-0.000500,-0.000500,-0.000500,0.000000,0.000000,0.000000,0.000500
2025-08-12T17:11:26.273,3.550500,-0.000500,-0.000500,-0.000500,0.000000,0.000000,0.000000,0.000000
2025-08-12T17:11:26.788,3.549500,-0.000500,-0.000500,-0.001000,0.000000,0.000000,0.000000,0.001000
2025-08-12T17:11:27.304,3.549500,0.000000,-0.000500,-0.000500,0.000000,0.000000,-0.000500,0.000000
2025-08-12T17:11:27.818,3.549500,-0.001000,0.000000,0.000000,0.000000,0.000000,0.000000,0.000500
2025-08-12T17:11:28.334,3.550000,-0.000500,0.000000,0.000000,0.000000,0.000000,0.000000,0.000000
2025-08-12T17:11:28.849,3.550000,0.000000,0.000000,0.000000,0.000000,0.000000,-0.000500,0.000500
2025-08-12T17:11:29.364,3.550000,-0.000500,0.000000,0.000000,0.000000,0.000000,0.000000,0.000500
2025-08-12T17:11:29.879,3.549500,-0.000500,0.000000,-0.001000,0.000000,0.000000,0.000000,0.000500
2025-08-12T17:11:30.394,3.550000,-0.000500,-0.000500,0.000000,0.000000,0.000000,0.000000,0.000000
2025-08-12T17:11:30.909,3.550000,-0.000500,-0.000500,-0.000500,0.000000,0.000000,0.000000,0.000000
2025-08-12T17:11:31.424,3.549500,-0.000500,-0.000500,0.000000,0.000000,0.000000,0.000000,0.000500
2025-08-12T17:11:31.939,3.549500,0.000000,0.000000,-0.000500,0.000000,0.000000,0.000000,0.000500
2025-08-12T17:11:32.454,3.549500,-0.000500,-0.000500,-0.000500,0.000500,0.000000,0.000000,0.000500
2025-08-12T17:11:32.969,3.549500,-0.000500,0.000000,-0.000500,0.000000,0.000000,0.000000,0.000500
2025-08-12T17:11:33.484,3.550000,-0.001000,-0.000500,0.000000,0.000000,0.000000,0.000000,0.000500
2025-08-12T17:11:33.999,3.549500,-0.000500,-0.000500,-0.000500,0.000000,0.000000,0.000000,0.000500
2025-08-12T17:11:34.514,3.550500,-0.000500,0.000000,-0.000500,0.000000,0.000000,0.000000,0.000500
2025-08-12T17:11:35.029,3.549500,-0.001000,-0.001000,0.000000,0.000000,-0.000500,0.000000,0.000000
2025-08-12T17:11:35.539,3.549500,-0.000500,-0.000500,0.000000,0.000000,0.000000,0.000000,0.000500
2025-08-12T17:11:36.054,3.549500,-0.000500,0.000000,0.000000,0.000000,0.000000,0.000000,0.000000
2025-08-12T17:11:36.569,3.550000,0.000000,0.000000,-0.000500,0.000000,0.000000,0.000000,0.000500
2025-08-12T17:11:37.084,3.549500,-0.000500,0.000000,0.000000,0.000000,0.000000,0.000000,0.000500
2025-08-12T17:11:37.599,3.549500,-0.000500,0.000000,-0.000500,0.000000,0.000000,0.000000,0.000500
2025-08-12T17:11:38.114,3.549000,-0.000500,0.000000,0.000000,0.000000,0.000000,-0.000500,0.000500
2025-08-12T17:11:38.629,3.549500,-0.001000,-0.000500,0.000000,0.000000,0.000000,0.000000,0.000500
2025-08-12T17:11:39.144,3.549500,-0.000500,-0.000500,0.000000,0.000000,0.000000,0.000000,0.000500
2025-08-12T17:11:39.654,3.550000,-0.001000,0.000000,-0.000500,0.000000,0.000000,0.000000,0.000500
2025-08-12T17:11:40.169,3.549500,-0.000500,0.000000,0.000000,0.000000,0.000000,0.000000,0.000500
2025-08-12T17:11:40.684,3.549500,-0.000500,-0.001000,-0.000500,0.000000,0.000000,0.000000,0.000500
2025-08-12T17:11:41.199,3.549500,0.000000,-0.000500,0.000000,0.000000,0.000000,0.000000,0.000500
2025-08-12T17:11:41.714,3.549500,-0.001000,0.000000,-0.001000,0.000000,0.000000,0.000000,0.000500
2025-08-12T17:11:42.229,3.550000,0.000000,-0.000500,-0.000500,0.000000,0.000000,0.000000,0.000500
2025-08-12T17:11:42.744,3.549500,-0.000500,-0.001000,0.000000,0.000000,0.000000,0.000000,0.000500
2025-08-12T17:11:43.254,3.550000,-0.000500,0.000000,0.000000,0.000000,0.000000,0.000000,0.000500
2025-08-12T17:11:43.764,3.550000,-0.000500,-0.000500,-0.000500,0.000000,0.000000,0.000000,0.000500
2025-08-12T17:11:44.279,3.549500,0.000000,0.000000,0.000000,0.000000,0.000000,0.000000,0.000000
2025-08-12T17:11:44.794,3.549500,-0.000500,0.000000,-0.001000,0.000000,0.000000,0.000000,0.000500
2025-08-12T17:11:45.309,3.549500,-0.001000,0.000000,0.000000,0.000000,0.000000,0.000000,0.000000
2025-08-12T17:11:45.819,3.549500,-0.000500,0.000000,0.000000,0.000000,0.000000,0.000000,0.000500
2025-08-12T17:11:46.334,3.550000,-0.000500,0.000000,-0.000500,0.000000,0.000000,0.000000,0.000500
2025-08-12T17:11:46.849,3.549500,-0.001000,0.000000,0.000000,0.000000,0.000000,0.000000,0.000500
2025-08-12T17:11:47.364,3.549500,-0.000500,-0.001000,-0.000500,0.000000,0.000000,0.000000,0.000500
2025-08-12T17:11:47.879,3.549500,-0.000500,0.000000,-0.000500,0.000000,0.000000,0.000000,0.001000
2025-08-12T17:11:48.394,3.549500,-0.001000,-0.000500,0.000000,0.000000,0.000000,0.000000,0.000000
2025-08-12T17:11:48.909,3.549500,-0.000500,0.000000,0.000000,0.000000,0.000000,0.000000,0.000500
2025-08-12T17:11:49.424,3.549500,-0.000500,0.000000,0.000000,0.000000,0.000000,0.000000,0.000500
2025-08-12T17:11:49.939,3.550000,-0.000500,-0.000500,-0.000500,0.000000,0.000000,0.000000,0.000000
2025-08-12T17:11:50.454,3.549500,0.000000,0.000000,0.000000,0.000000,0.000000,0.000000,0.000500
2025-08-12T17:11:50.969,3.549500,-0.000500,-0.000500,-0.000500,0.000000,0.000000,0.000000,0.000000
2025-08-12T17:11:51.484,3.549500,-0.001000,-0.000500,0.000000,0.000000,-0.000500,0.000000,0.000000
2025-08-12T17:11:51.999,3.549500,-0.000500,-0.000500,0.000000,0.000000,0.000000,0.000000,0.000500
2025-08-12T17:11:52.514,3.549500,-0.000500,-0.000500,0.000000,0.000000,0.000000,-0.000500,0.000000
2025-08-12T17:11:53.029,3.549500,-0.000500,-0.000500,-0.000500,0.000000,0.000000,0.000000,0.000000
2025-08-12T17:11:53.544,3.412500,-0.000500,-0.000500,-0.000500,0.000000,0.000000,0.000000,0.000500
2025-08-12T17:11:54.054,3.025000,-0.000500,0.000000,0.000000,0.000000,0.000000,0.000000,0.000500
2025-08-12T17:11:54.569,2.686000,-0.000500,-0.000500,-0.000500,0.000000,0.000000,0.000000,0.000500
2025-08-12T17:11:55.084,2.377500,-0.000500,-0.000500,0.000000,0.000000,0.000000,0.000000,0.000000
2025-08-12T17:11:55.599,2.113500,-0.001000,0.000000,-0.000500,0.000000,0.000000,0.000000,0.000500
2025-08-12T17:11:56.114,1.881000,-0.000500,-0.000500,0.000000,0.000500,0.000000,0.000000,0.000500
2025-08-12T17:11:56.629,1.673500,-0.001000,0.000000,0.000000,0.000000,0.000000,0.000000,0.000000
2025-08-12T17:11:57.144,1.487000,-0.000500,-0.000500,-0.000500,0.000000,0.000000,0.000000,0.000000
2025-08-12T17:11:57.659,1.326000,-0.000500,0.000000,-0.000500,0.000000,0.000000,0.000000,0.000000
2025-08-12T17:11:58.174,1.183500,0.000000,-0.000500,-0.000500,0.000000,0.000000,0.000000,0.000500
2025-08-12T17:11:58.689,1.057500,-0.000500,0.000000,-0.000500,0.000000,-0.000500,0.000000,0.000000
2025-08-12T17:11:59.204,0.943000,0.000000,0.000000,-0.000500,0.000000,0.000000,0.000000,0.000500
2025-08-12T17:11:59.719,0.845000,-0.001000,-0.000500,0.000000,0.000000,0.000000,0.000000,0.000500
2025-08-12T17:12:00.234,0.756500,0.000000,-0.000500,0.000000,0.000000,0.000000,0.000000,0.000500
2025-08-12T17:12:00.750,0.679500,0.000000,0.000000,0.000000,0.000000,0.000000,0.000000,0.000500
2025-08-12T17:12:01.264,0.611500,-0.001000,-0.001000,0.000000,0.000000,-0.000500,0.000000,0.000000
2025-08-12T17:12:01.779,0.550500,-0.000500,0.000000,-0.000500,0.000000,0.000000,0.000000,0.000500
2025-08-12T17:12:02.294,0.495000,-0.000500,-0.000500,0.000000,0.000000,0.000000,0.000000,0.000000
2025-08-12T17:12:02.810,0.447500,-0.000500,0.000000,0.000000,0.000000,0.000000,0.000000,0.000500
2025-08-12T17:12:03.325,0.405000,-0.001000,0.000000,0.000000,0.000000,0.000000,0.000000,0.000500
2025-08-12T17:12:03.840,0.366000,-0.000500,0.000000,-0.000500,0.000000,-0.000500,0.000000,0.000500
2025-08-12T17:12:04.355,0.331500,-0.001000,-0.000500,0.000000,0.000000,0.000000,0.000000,0.000000
2025-08-12T17:12:04.870,0.301000,-0.000500,-0.000500,0.000000,0.000000,0.000000,0.000000,0.000500
2025-08-12T17:12:05.385,0.274000,-0.001000,-0.000500,0.000000,0.000000,0.000000,0.000000,0.000500
2025-08-12T17:12:05.900,0.249000,0.000000,0.000000,0.000000,0.000000,0.000000,0.000000,0.000500
2025-08-12T17:12:06.415,0.227000,-0.000500,-0.000500,0.000000,0.000000,0.000000,0.000000,0.000500
2025-08-12T17:12:06.930,0.208000,-0.000500,0.000000,-0.000500,0.000000,0.000000,0.000000,0.000500
2025-08-12T17:12:07.445,0.190000,-0.000500,0.000000,-0.000500,0.000000,0.000000,0.000000,0.000000
2025-08-12T17:12:07.960,0.174000,-0.000500,0.000000,0.000000,0.000000,0.000000,0.000000,0.000000
2025-08-12T17:12:08.475,0.159000,-0.000500,0.000000,0.000000,0.000000,0.000000,0.000000,0.000500
2025-08-12T17:12:08.990,0.146500,-0.000500,0.000000,0.000000,0.000000,0.000000,0.000000,0.000000
2025-08-12T17:12:09.505,0.134500,-0.000500,-0.000500,0.000000,0.000000,0.000000,0.000000,0.000000
2025-08-12T17:12:10.020,0.124500,-0.000500,0.000000,0.000000,0.000000,0.000000,0.000000,0.000500
2025-08-12T17:12:10.530,0.114500,-0.000500,-0.000500,0.000000,0.000000,0.000000,0.000000,0.000500
2025-08-12T17:12:11.045,0.105500,0.000000,0.000000,0.000000,0.000000,0.000000,0.000000,0.000500
2025-08-12T17:12:11.560,0.098000,-0.000500,-0.000500,0.000000,0.000000,0.000000,0.000000,0.000500
2025-08-12T17:12:12.075,0.090500,-0.000500,-0.000500,0.000000,0.000000,0.000000,0.000000,0.000000
2025-08-12T17:12:12.590,0.083500,-0.000500,-0.000500,0.000000,0.000000,0.000000,0.000000,0.000000
2025-08-12T17:12:13.105,0.077500,-0.000500,0.000000,0.000000,0.000000,0.000000,0.000000,0.000500
2025-08-12T17:12:13.621,0.072500,-0.000500,-0.000500,0.000000,0.000000,0.000000,0.000000,0.000500
2025-08-12T17:12:14.135,0.067500,-0.001000,0.000000,0.000000,0.000000,0.000000,0.000000,0.000500
2025-08-12T17:12:14.650,0.062500,-0.000500,-0.000500,0.000000,0.000000,0.000000,0.000000,0.000500
2025-08-12T17:12:15.165,0.058500,0.000000,0.000000,0.000000,0.000000,0.000000,0.000000,0.000500
2025-08-12T17:12:15.680,0.054500,-0.000500,-0.001000,0.000000,0.000000,0.000000,0.000000,0.000500
2025-08-12T17:12:16.195,0.051500,-0.000500,-0.000500,0.000000,0.000000,0.000000,0.000000,0.000500
2025-08-12T17:12:16.710,0.048000,-0.000500,0.000000,0.000000,0.000000,0.000000,0.000000,0.000500
2025-08-12T17:12:17.225,0.045000,-0.000500,-0.000500,-0.000500,0.000000,0.000000,0.000000,0.000000
2025-08-12T17:12:17.740,0.042000,-0.000500,-0.000500,-0.000500,0.000000,0.000000,0.000000,0.000500
2025-08-12T17:12:18.255,0.039500,0.000000,-0.000500,-0.000500,0.000000,0.000000,0.000000,0.000000
2025-08-12T17:12:18.770,0.037500,-0.000500,-0.000500,0.000000,0.000000,0.000000,0.000000,0.000500
2025-08-12T17:12:19.285,0.035500,-0.001000,-0.000500,-0.000500,0.000000,0.000000,0.000000,0.000000
2025-08-12T17:12:19.800,0.033500,-0.001000,-0.000500,0.000000,0.000000,0.000000,0.000000,0.000000
2025-08-12T17:12:20.315,0.031500,0.000000,0.000000,0.000000,0.000000,0.000000,0.000000,0.000000
2025-08-12T17:12:20.830,0.028500,0.000000,-0.000500,0.000000,0.000000,0.000000,0.000000,0.000500
2025-08-12T17:12:21.345,0.027500,-0.001000,-0.000500,0.000000,0.000000,0.000000,0.000500,0.000000
2025-08-12T17:12:21.860,0.026500,-0.001000,-0.000500,0.000000,0.000000,0.000000,0.000000,0.000500
2025-08-12T17:12:22.375,0.025500,-0.000500,0.000000,-0.000500,0.000000,0.000000,0.000000,0.000500
2025-08-12T17:12:22.890,0.023500,-0.000500,-0.000500,0.000000,0.000000,0.000000,0.000000,0.000000
2025-08-12T17:12:23.405,0.022500,-0.000500,0.000000,0.000000,0.000000,0.000000,0.000000,0.000000
2025-08-12T17:12:23.920,0.021500,-0.000500,0.000000,0.000000,0.000000,0.000000,0.000000,0.000000
2025-08-12T17:12:24.435,0.020500,-0.000500,-0.001000,0.000000,0.000000,0.000000,0.000000,0.000500
2025-08-12T17:12:24.950,0.019500,-0.001000,0.000000,0.000000,0.000000,0.000000,0.000000,0.000000
2025-08-12T17:12:25.465,0.018500,-0.000500,0.000000,0.000000,0.000000,0.000000,0.000000,0.000500
2025-08-12T17:12:25.980,0.018000,-0.000500,0.000000,0.000000,0.000000,0.000000,0.000000,0.000500
2025-08-12T17:12:26.495,0.017500,-0.001000,-0.000500,0.000000,0.000000,0.000000,0.000000,0.000000
2025-08-12T17:12:27.010,0.016500,-0.000500,0.000000,-0.000500,0.000000,0.000000,0.000000,0.000000
2025-08-12T17:12:27.526,0.015500,0.000000,-0.000500,0.000000,0.000000,0.000000,0.000000,0.000000
2025-08-12T17:12:28.040,0.014500,0.000000,0.000000,0.000000,0.000000,0.000000,0.000000,0.000500
2025-08-12T17:12:28.550,0.014500,-0.000500,0.000000,-0.000500,0.000000,0.000000,0.000000,0.000000
2025-08-12T17:12:29.065,0.014000,-0.000500,0.000000,-0.000500,0.000000,0.000000,0.000000,0.000500
2025-08-12T17:12:29.580,0.013500,-0.000500,-0.000500,-0.000500,0.000000,0.000000,0.000000,0.000000
2025-08-12T17:12:30.095,0.013000,-0.000500,0.000000,-0.000500,0.000000,0.000000,0.000000,0.000500
2025-08-12T17:12:30.610,0.012500,-0.001000,0.000000,0.000000,0.000000,0.000000,0.000000,0.000500
2025-08-12T17:12:31.125,0.012500,-0.000500,0.000000,0.000000,0.000000,0.000000,0.000000,0.000000
2025-08-12T17:12:31.640,0.011500,0.000000,-0.001000,0.000000,0.000000,0.000000,0.000000,0.000000
2025-08-12T17:12:32.155,0.011000,-0.000500,0.000000,0.000000,0.000000,0.000000,0.000000,0.000500
2025-08-12T17:12:32.670,0.011000,-0.000500,-0.000500,0.000000,0.000000,0.000000,0.000000,0.000000
2025-08-12T17:12:33.185,0.010500,-0.000500,0.000000,0.000000,0.000000,0.000000,0.000000,0.000500
2025-08-12T17:12:33.701,0.010500,0.000000,0.000000,0.000000,0.000000,0.000000,0.000000,0.000000
2025-08-12T17:12:34.215,0.009500,-0.000500,0.000000,0.000000,0.000000,0.000000,0.000000,0.000000
2025-08-12T17:12:34.730,0.009500,-0.000500,-0.000500,0.000000,0.000000,0.000000,0.000000,0.000000
2025-08-12T17:12:35.246,0.009000,0.000000,0.000000,0.000000,0.000000,0.000000,0.000000,0.000500
2025-08-12T17:12:35.760,0.009000,-0.000500,0.000000,0.000000,0.000000,0.000000,0.000000,0.000000
2025-08-12T17:12:36.275,0.008500,0.000000,0.000000,0.000000,0.000000,0.000000,0.000000,0.000500
2025-08-12T17:12:36.790,0.008500,-0.000500,0.000000,0.000000,0.000000,0.000000,0.000000,0.000500
2025-08-12T17:12:37.306,0.008500,0.000000,0.000000,0.000000,0.000000,0.000000,0.000000,0.000500
2025-08-12T17:12:37.821,0.007500,-0.000500,0.000000,0.000000,0.000000,0.000000,0.000000,0.000500
2025-08-12T17:12:38.336,0.007000,0.000000,0.000000,0.000000,0.000000,0.000000,0.000000,0.000500
2025-08-12T17:12:38.851,0.007500,0.000000,0.000000,0.000000,0.000000,0.000000,0.000000,0.000500
2025-08-12T17:12:39.366,0.006500,0.000000,-0.000500,-0.000500,0.000000,0.000000,0.000000,0.000000
2025-08-12T17:12:39.881,0.007000,0.000000,0.000000,0.000000,0.000000,0.000000,0.000000,0.000500
2025-08-12T17:12:40.396,0.007000,-0.000500,0.000000,0.000000,0.000000,0.000000,0.000000,0.000500
2025-08-12T17:12:40.911,0.006500,-0.000500,-0.000500,0.000000,0.000000,0.000000,0.000000,0.000500
2025-08-12T17:12:41.421,0.006500,0.000000,-0.000500,0.000000,0.000000,0.000000,0.000000,0.000000
2025-08-12T17:12:41.931,0.006500,0.000000,0.000000,0.000000,0.000000,0.000000,0.000000,0.000000
2025-08-12T17:12:42.446,0.006000,0.000000,-0.000500,0.000000,0.000000,0.000000,0.000000,0.000000
2025-08-12T17:12:42.966,0.006000,-0.000500,0.000000,-0.000500,0.000000,0.000000,0.000000,0.000000
2025-08-12T17:12:43.481,0.006000,0.000000,0.000000,0.000000,0.000000,0.000000,0.000000,0.000000
2025-08-12T17:12:43.996,0.005500,0.000000,-0.000500,-0.000500,0.000000,0.000000,0.000000,0.000000
2025-08-12T17:12:44.511,0.005500,0.000000,0.000000,0.000000,0.000000,0.000000,0.000000,0.000500
2025-08-12T17:12:45.026,0.005000,-0.000500,-0.000500,0.000000,0.000000,0.000000,0.000000,0.000500
2025-08-12T17:12:45.541,0.005500,-0.000500,-0.000500,-0.000500,0.000000,0.000000,0.000000,0.000000
2025-08-12T17:12:46.056,0.005000,0.000000,0.000000,0.000000,0.000000,0.000000,0.000000,0.000000
2025-08-12T17:12:46.571,0.005000,-0.001000,0.000000,0.000000,0.000000,0.000000,0.000000,0.000500
2025-08-12T17:12:47.086,0.004500,0.000000,0.000000,0.000000,0.000000,0.000000,0.000000,0.000000
2025-08-12T17:12:47.601,0.004500,0.000000,0.000000,0.000000,0.000000,0.000000,0.000000,0.000500
2025-08-12T17:12:48.116,0.004500,-0.001000,0.000000,0.000000,0.000000,0.000000,0.000000,0.000000
2025-08-12T17:12:48.631,0.004500,-0.000500,0.000000,-0.000500,0.000000,0.000000,0.000000,0.000000
2025-08-12T17:12:49.146,0.004500,-0.000500,0.000000,0.000000,0.000000,0.000000,0.000000,-0.000500
2025-08-12T17:12:49.661,0.004500,-0.001000,-0.000500,0.000000,0.000000,0.000000,0.000000,0.000000
2025-08-12T17:12:50.176,0.004500,-0.000500,-0.000500,0.000000,0.000000,0.000000,0.000000,0.000000
2025-08-12T17:12:50.691,0.004000,-0.000500,0.000000,0.000000,0.000000,0.000000,0.000000,0.000500
2025-08-12T17:12:51.206,0.004500,-0.000500,0.000000,0.000000,0.000000,0.000000,0.000000,0.000000
2025-08-12T17:12:51.721,0.003500,-0.000500,0.000000,0.000000,0.000000,0.000000,0.000000,0.000000
2025-08-12T17:12:52.236,0.004000,-0.000500,0.000000,0.000000,0.000000,0.000000,0.000000,0.000000
2025-08-12T17:12:52.751,0.004500,-0.000500,-0.000500,-0.000500,0.000000,0.000000,0.000000,0.000000
2025-08-12T17:12:53.266,0.003500,-0.000500,-0.000500,-0.000500,0.000000,0.000000,0.000000,0.000500
2025-08-12T17:12:53.781,0.003500,-0.000500,-0.000500,0.000000,0.000000,0.000000,0.000000,0.000500
2025-08-12T17:12:54.301,0.003500,-0.000500,0.000000,0.000000,0.000000,0.000000,0.000000,0.000000
2025-08-12T17:12:54.816,0.003500,-0.000500,0.000000,-0.000500,0.000000,0.000000,0.000000,0.000500
2025-08-12T17:12:55.331,0.003000,-0.001000,0.000000,0.000000,0.000000,0.000000,0.000000,0.000500
2025-08-12T17:12:55.841,0.003500,0.000000,0.000000,-0.000500,0.000000,0.000000,0.000000,0.000500
2025-08-12T17:12:56.356,0.003500,-0.000500,0.000000,-0.000500,0.000000,0.000000,0.000000,0.000500
2025-08-12T17:12:56.871,0.003500,-0.001000,-0.000500,0.000000,0.000000,0.000000,0.000000,0.000000
2025-08-12T17:12:57.386,0.003000,0.000000,-0.000500,0.000000,0.000000,0.000000,0.000000,0.000000
2025-08-12T17:12:57.901,0.003500,-0.000500,0.000000,0.000000,0.000000,0.000000,0.000000,0.000000
2025-08-12T17:12:58.416,0.003000,-0.000500,-0.000500,0.000000,0.000000,0.000000,0.000000,0.000000
2025-08-12T17:12:58.931,0.003500,-0.001000,-0.000500,0.000000,0.000000,0.000000,0.000000,0.000500
2025-08-12T17:12:59.446,0.003000,-0.001000,0.000000,0.000000,0.000000,0.000000,0.000000,0.000500
2025-08-12T17:12:59.961,0.003000,-0.001000,0.000000,0.000000,0.000000,0.000000,0.000000,0.000000
2025-08-12T17:13:00.476,0.002500,-0.000500,-0.000500,0.000000,0.000000,0.000000,0.000000,0.000000
2025-08-12T17:13:00.991,0.002500,-0.001000,0.000000,0.000000,0.000000,0.000000,0.000000,0.000000
2025-08-12T17:13:01.506,0.003000,-0.000500,-0.000500,0.000000,0.000000,0.000000,0.000000,0.000000
2025-08-12T17:13:02.021,0.002500,0.000000,0.000000,0.000000,0.000000,0.000000,0.000000,0.000000
2025-08-12T17:13:02.537,0.002500,-0.000500,0.000000,0.000000,0.000000,0.000000,0.000000,0.000500
2025-08-12T17:13:03.051,0.002500,0.000000,0.000000,0.000000,0.000000,0.000000,0.000000,0.000000
2025-08-12T17:13:03.566,0.003000,-0.001000,0.000000,0.000000,0.000000,-0.000500,0.000000,0.000000
2025-08-12T17:13:04.081,0.002500,-0.000500,0.000000,0.000000,0.000000,0.000000,0.000000,0.000000
2025-08-12T17:13:04.596,0.002500,-0.000500,0.000000,0.000000,0.000000,0.000000,0.000000,0.000000
2025-08-12T17:13:05.111,0.001500,-0.000500,0.000000,0.000000,0.000000,0.000000,0.000000,0.000500
2025-08-12T17:13:05.626,0.002500,-0.000500,-0.000500,0.000000,0.000000,0.000000,0.000000,0.000500
2025-08-12T17:13:06.141,0.002500,-0.001000,0.000000,0.000000,0.000000,0.000000,0.000000,0.000000
2025-08-12T17:13:06.651,0.002500,-0.000500,0.000000,0.000000,0.000000,0.000000,0.000000,0.000500
2025-08-12T17:13:07.166,0.002000,-0.000500,0.000000,-0.000500,0.000000,0.000000,0.000000,0.000000
2025-08-12T17:13:07.681,0.002500,-0.000500,-0.001000,0.000000,0.000000,0.000000,0.000000,0.000500
2025-08-12T17:13:08.196,0.002500,-0.000500,-0.000500,0.000000,0.000000,0.000000,0.000000,0.000000
2025-08-12T17:13:08.712,0.002000,-0.000500,-0.000500,0.000000,0.000000,0.000000,0.000000,0.000500
2025-08-12T17:13:09.227,0.001500,-0.000500,0.000000,0.000000,0.000000,0.000000,0.000000,0.000500
2025-08-12T17:13:09.742,0.002500,-0.000500,0.000000,-0.000500,0.000000,0.000000,0.000000,0.000000
2025-08-12T17:13:10.256,0.002000,-0.000500,0.000000,0.000000,0.000000,0.000000,0.000000,0.000500
2025-08-12T17:13:10.772,0.001500,-0.000500,-0.000500,0.000000,0.000000,0.000000,0.000000,0.000000
2025-08-12T17:13:11.287,0.002000,-0.000500,0.000000,0.000000,0.000000,0.000000,0.000000,0.000000
2025-08-12T17:13:11.801,0.001500,0.000000,0.000000,0.000000,0.000000,0.000000,0.000000,0.000500
2025-08-12T17:13:12.317,0.002500,-0.000500,0.000000,0.000000,0.000000,0.000000,0.000000,0.000500
2025-08-12T17:13:12.832,0.001500,0.000000,0.000000,0.000000,0.000000,0.000000,0.000000,0.000500
2025-08-12T17:13:13.347,0.001500,-0.000500,0.000000,0.000000,0.000000,0.000000,0.000000,0.000500
2025-08-12T17:13:13.862,0.001500,-0.000500,0.000000,0.000000,0.000000,0.000000,0.000000,0.000500
2025-08-12T17:13:14.377,0.001500,-0.000500,0.000000,0.000000,0.000000,0.000000,0.000000,0.000000
2025-08-12T17:13:14.892,0.001500,-0.000500,0.000000,0.000000,0.000000,0.000000,0.000000,0.000500
2025-08-12T17:13:15.407,0.001500,-0.000500,0.000000,0.000000,0.000500,0.000000,0.000000,0.000000
2025-08-12T17:13:15.922,0.001500,-0.000500,-0.000500,0.000000,0.000000,0.000000,0.000000,0.000000
2025-08-12T17:13:16.437,0.001500,-0.001000,0.000000,-0.000500,0.000000,0.000000,0.000000,0.000000
2025-08-12T17:13:16.952,0.001500,-0.000500,0.000000,0.000000,0.000000,0.000000,0.000000,0.000000
2025-08-12T17:13:17.467,0.001500,0.000000,0.000500,0.000000,0.000000,0.000000,0.000000,0.000000
2025-08-12T17:13:17.982,0.002500,0.000000,0.000000,0.000000,0.000000,0.000000,0.000000,0.000000
2025-08-12T17:13:18.497,0.001000,-0.000500,0.000000,0.000000,0.000000,0.000000,0.000000,0.000000
2025-08-12T17:13:19.012,0.001500,-0.000500,-0.000500,0.000000,0.000000,0.000000,0.000000,0.000000
2025-08-12T17:13:19.527,0.001500,-0.000500,0.000000,0.000000,0.000000,0.000000,0.000000,0.000500
2025-08-12T17:13:20.042,0.001500,0.000000,0.000000,0.000000,0.000000,0.000000,0.000000,0.000000
2025-08-12T17:13:20.557,0.001500,-0.000500,0.000000,0.000000,0.000000,0.000000,0.000000,0.000000
2025-08-12T17:13:21.072,0.001000,-0.000500,0.000000,0.000000,0.000000,0.000000,0.000000,0.000000
2025-08-12T17:13:21.587,0.001500,-0.000500,0.000000,-0.000500,0.000000,0.000000,0.000000,0.000500
2025-08-12T17:13:22.097,0.001000,0.000000,0.000000,0.000000,0.000000,0.000000,0.000000,0.000000
2025-08-12T17:13:22.612,0.001000,0.000000,0.000000,-0.000500,0.000000,0.000000,0.000000,0.000500
2025-08-12T17:13:23.127,0.001500,-0.000500,-0.000500,0.000000,0.000000,0.000000,0.000000,0.000000
2025-08-12T17:13:23.642,0.001000,-0.001000,0.000000,0.000000,0.000000,0.000000,0.000000,0.000500
2025-08-12T17:13:24.157,0.001000,-0.000500,0.000000,0.000000,0.000000,0.000000,0.000000,0.000000
2025-08-12T17:13:24.672,0.001500,-0.000500,-0.000500,0.000000,0.000000,0.000000,0.000000,0.000000
2025-08-12T17:13:25.187,0.001500,-0.000500,0.000000,0.000000,0.000000,0.000000,0.000000,0.000500
2025-08-12T17:13:25.702,0.001000,-0.000500,0.000000,0.000000,0.000000,0.000000,0.000000,0.000000
2025-08-12T17:13:26.217,0.001500,0.000000,0.000000,0.000000,0.000000,0.000000,0.000000,0.000000
2025-08-12T17:13:26.732,0.000500,0.000000,-0.000500,0.000000,0.000000,0.000000,0.000000,0.000500
2025-08-12T17:13:27.247,0.001500,0.000000,-0.000500,0.000000,0.000000,0.000000,0.000000,0.000000
2025-08-12T17:13:27.762,0.001500,-0.000500,0.000000,0.000000,0.000000,0.000000,0.000000,0.000500
2025-08-12T17:13:28.277,0.000500,-0.000500,-0.000500,0.000000,0.000000,0.000000,0.000000,0.000500
2025-08-12T17:13:28.792,0.000500,-0.000500,-0.000500,0.000000,0.000000,0.000000,0.000000,0.000000
2025-08-12T17:13:29.307,0.000500,0.000000,0.000000,0.000000,0.000000,0.000000,0.000000,0.000500
2025-08-12T17:13:29.822,0.000500,0.000000,0.000000,0.000000,0.000000,0.000000,0.000000,0.000000
2025-08-12T17:13:30.337,0.001500,-0.001000,0.000000,0.000000,0.000000,0.000000,0.000000,0.000500
2025-08-12T17:13:30.852,0.001000,-0.000500,0.000000,0.000000,0.000000,0.000000,0.000000,0.000500
2025-08-12T17:13:31.367,0.001000,-0.000500,-0.000500,0.000000,0.000000,0.000000,0.000000,0.000000
2025-08-12T17:13:31.882,0.001000,-0.000500,0.000000,0.000000,0.000000,0.000000,0.000000,0.000000
2025-08-12T17:13:32.397,0.001000,-0.000500,0.000000,0.000000,0.000000,0.000000,0.000000,0.000500
2025-08-12T17:13:32.912,0.001500,-0.000500,0.000000,0.000000,0.000000,0.000000,0.000000,0.000500
2025-08-12T17:13:33.427,0.000500,-0.000500,0.000000,0.000000,0.000000,0.000000,0.000000,0.000500
2025-08-12T17:13:33.942,0.000500,-0.000500,0.000000,0.000000,0.000000,0.000000,0.000000,0.000000
2025-08-12T17:13:34.457,0.000500,0.000000,-0.000500,-0.000500,0.000000,0.000000,0.000000,0.000500
2025-08-12T17:13:34.972,0.000500,-0.000500,-0.000500,0.000000,0.000000,0.000000,0.000000,0.000500
2025-08-12T17:13:35.487,0.000500,-0.000500,-0.000500,0.000000,0.000500,0.000000,0.000000,0.000000
2025-08-12T17:13:36.002,0.000500,-0.000500,0.000000,0.000000,0.000000,0.000000,0.000000,0.000000
2025-08-12T17:13:36.517,0.000500,-0.001000,0.000000,0.000000,0.000000,0.000000,0.000000,0.000000
2025-08-12T17:13:37.032,0.000500,0.000000,-0.001000,0.000000,0.000000,0.000000,0.000000,0.000500
2025-08-12T17:13:37.542,0.000500,-0.000500,0.000000,0.000000,0.000000,-0.000500,0.000000,0.000500
2025-08-12T17:13:38.057,0.001500,-0.000500,0.000000,0.000000,0.000000,0.000000,0.000000,0.000000
2025-08-12T17:13:38.572,0.000000,0.000000,-0.000500,0.000000,0.000000,0.000000,0.000000,0.000500
2025-08-12T17:13:39.087,0.000500,-0.000500,0.000000,0.000000,0.000000,0.000000,0.000000,0.000000
2025-08-12T17:13:39.602,0.000500,-0.000500,0.000000,0.000000,0.000000,0.000000,0.000000,0.000500
2025-08-12T17:13:40.117,0.000500,0.000000,0.000000,0.000000,0.000000,0.000000,0.000000,0.000000
2025-08-12T17:13:40.632,0.000500,-0.001000,0.000000,0.000000,0.000000,0.000000,0.000000,0.000000
2025-08-12T17:13:41.148,0.000500,0.000000,0.000000,0.000000,0.000000,0.000000,0.000000,0.000000
2025-08-12T17:13:41.663,0.000500,0.000000,0.000000,0.000000,0.000000,0.000000,0.000000,0.000000
2025-08-12T17:13:42.178,0.000500,-0.000500,0.000000,-0.000500,0.000000,0.000000,0.000000,0.000500
2025-08-12T17:13:42.693,0.000000,-0.000500,0.000000,0.000000,0.000000,0.000000,0.000000,0.000500
2025-08-12T17:13:43.208,0.000000,0.000000,0.000000,0.000000,0.000000,0.000000,0.000000,0.000500
2025-08-12T17:13:43.723,0.000500,-0.000500,0.000000,0.000000,0.000000,0.000000,0.000000,0.000500
2025-08-12T17:13:44.238,0.000500,0.000000,0.000000,0.000000,0.000000,0.000000,0.000000,0.000500
2025-08-12T17:13:44.753,0.000500,-0.000500,0.000000,0.000000,0.000000,0.000000,0.000000,0.000000
2025-08-12T17:13:45.268,0.000500,-0.000500,-0.000500,0.000000,0.000000,0.000000,0.000000,0.000000
2025-08-12T17:13:45.783,0.000500,-0.000500,0.000000,-0.000500,0.000000,0.000000,0.000000,0.000500
2025-08-12T17:13:46.298,0.000500,-0.000500,0.000000,0.000000,0.000000,0.000000,0.000000,0.000500
2025-08-12T17:13:46.812,0.000500,-0.000500,0.000000,0.000000,0.000000,0.000000,0.000000,0.000000
2025-08-12T17:13:47.328,0.000500,-0.000500,0.000000,0.000000,0.000000,0.000000,0.000000,0.000000
2025-08-12T17:13:47.843,0.000500,-0.000500,0.000000,0.000000,0.000000,0.000000,0.000000,0.000500
2025-08-12T17:13:48.353,0.000000,-0.000500,0.000000,0.000000,0.000000,0.000000,0.000000,0.000500
2025-08-12T17:13:48.868,0.000500,0.000000,0.000000,0.000000,0.000000,0.000000,0.000000,0.000000
2025-08-12T17:13:49.383,0.000000,-0.000500,0.000000,0.000000,0.000000,0.000000,0.000000,0.000000
2025-08-12T17:13:49.898,0.000500,-0.000500,0.000000,0.000000,0.000000,0.000000,0.000000,0.000000
2025-08-12T17:13:50.413,0.000500,0.000000,-0.000500,-0.000500,0.000000,0.000000,0.000000,0.000000
2025-08-12T17:13:50.928,0.000000,0.000000,0.000000,0.000000,0.000000,0.000000,0.000000,0.000000
2025-08-12T17:13:51.443,0.000500,0.000000,0.000000,0.000000,0.000000,0.000000,0.000000,0.000000
2025-08-12T17:13:51.958,0.000000,-0.000500,-0.000500,0.000000,0.000000,0.000000,0.000000,0.000500
2025-08-12T17:13:52.473,0.001000,-0.001000,0.000000,0.000000,0.000000,0.000000,0.000000,0.000500
2025-08-12T17:13:52.988,0.000500,0.000000,0.000000,0.000000,0.000000,0.000000,0.000000,0.000000
2025-08-12T17:13:53.503,0.000500,0.000000,0.000000,0.000000,0.000000,0.000000,0.000000,0.000500
2025-08-12T17:13:54.018,0.000500,-0.001000,0.000000,0.000000,0.000000,0.000000,0.000000,0.000500
2025-08-12T17:13:54.533,0.000500,-0.000500,0.000000,0.000000,0.000000,0.000000,0.000000,0.000000
2025-08-12T17:13:55.048,0.000000,-0.000500,0.000000,0.000000,0.000000,0.000000,0.000000,0.000500
2025-08-12T17:13:55.563,0.000000,-0.000500,0.000000,0.000000,0.000000,0.000000,0.000000,0.000500
2025-08-12T17:13:56.078,0.000000,0.000000,0.000000,0.000000,0.000000,0.000000,0.000000,0.000000
2025-08-12T17:13:56.593,0.000000,0.000000,0.000000,0.000000,0.000000,0.000000,0.000000,0.000000
2025-08-12T17:13:57.108,0.000500,-0.000500,-0.000500,-0.000500,0.000000,0.000000,0.000000,0.000000
2025-08-12T17:13:57.623,0.000000,-0.000500,0.000000,0.000000,0.000000,0.000000,0.000000,0.000500
2025-08-12T17:13:58.138,0.000000,-0.000500,-0.000500,0.000000,0.000000,0.000000,0.000000,0.000000
2025-08-12T17:13:58.653,0.000000,0.000000,0.000000,0.000000,0.000000,0.000000,0.000000,0.000000
2025-08-12T17:13:59.168,0.000000,0.000000,0.000000,0.000000,0.000000,0.000000,0.000000,0.000500
2025-08-12T17:13:59.683,0.000500,-0.000500,0.000000,0.000000,0.000000,0.000000,0.000000,0.000000
2025-08-12T17:14:00.198,0.000000,-0.000500,0.000000,-0.000500,0.000000,0.000000,0.000000,0.000000
2025-08-12T17:14:00.713,0.000500,-0.000500,0.000000,0.000000,0.000000,0.000000,0.000000,0.000500
2025-08-12T17:14:01.228,0.000000,0.000000,-0.000500,-0.000500,0.000000,0.000000,0.000000,0.000500
2025-08-12T17:14:01.743,0.000500,-0.001000,0.000000,-0.000500,0.000000,0.000000,0.000000,0.000500
2025-08-12T17:14:02.258,0.000500,-0.000500,0.000000,0.000000,0.000000,0.000000,0.000000,0.000500
2025-08-12T17:14:02.773,0.000000,-0.000500,-0.000500,0.000000,0.000000,0.000000,0.000000,0.000500
2025-08-12T17:14:03.288,0.000000,-0.000500,-0.000500,0.000000,0.000000,0.000000,0.000000,0.000000
2025-08-12T17:14:03.803,0.000500,-0.000500,0.000000,0.000000,0.000000,0.000000,0.000000,0.000500
2025-08-12T17:14:04.318,0.000000,0.000000,0.000000,0.000000,0.000000,0.000000,0.000000,0.000500
2025-08-12T17:14:04.828,0.000500,-0.001000,0.000000,-0.000500,0.000000,0.000000,0.000000,0.000000
2025-08-12T17:14:05.343,0.000500,-0.000500,0.000000,0.000000,0.000000,0.000000,0.000000,0.000500
2025-08-12T17:14:05.858,0.000500,-0.000500,0.000000,0.000000,0.000000,0.000000,0.000000,0.000000
2025-08-12T17:14:06.373,0.000000,-0.000500,-0.000500,-0.000500,0.000000,0.000000,0.000000,0.000000
2025-08-12T17:14:06.888,0.000000,0.000000,0.000000,0.000000,0.000000,0.000000,0.000000,0.000500
2025-08-12T17:14:07.398,0.000500,-0.000500,-0.000500,0.000000,0.000000,0.000000,0.000000,0.000500
2025-08-12T17:14:07.913,0.000500,-0.000500,-0.000500,0.000000,0.000000,0.000000,0.000000,0.000000
2025-08-12T17:14:08.428,0.000000,-0.000500,0.000000,0.000000,0.000000,0.000000,0.000000,0.000500
2025-08-12T17:14:08.943,0.000000,-0.000500,-0.000500,0.000000,0.000000,0.000000,0.000000,0.000000
2025-08-12T17:14:09.458,0.000000,-0.000500,0.000000,0.000000,0.000000,0.000000,0.000000,0.000500
2025-08-12T17:14:09.973,0.000000,-0.000500,0.000000,0.000000,0.000000,0.000000,0.000000,0.000500
2025-08-12T17:14:10.488,0.000000,-0.000500,0.000000,0.000000,0.000000,0.000000,0.000000,0.000000
2025-08-12T17:14:11.003,0.000000,-0.000500,-0.000500,0.000000,0.000000,0.000000,0.000000,0.000000
2025-08-12T17:14:11.518,0.000000,-0.000500,0.000000,-0.000500,0.000000,0.000000,0.000000,0.000500
2025-08-12T17:14:12.033,0.000000,-0.000500,0.000000,0.000000,0.000000,0.000000,0.000000,0.000000
2025-08-12T17:14:12.548,0.000000,0.000000,0.000000,0.000000,0.000000,0.000000,0.000000,0.000500
2025-08-12T17:14:13.064,0.000000,-0.001000,0.000000,0.000000,0.000000,0.000000,0.000000,0.000000
2025-08-12T17:14:13.579,0.000000,-0.001000,0.000000,0.000000,0.000000,0.000000,0.000000,0.000500
2025-08-12T17:14:14.094,0.000000,-0.000500,0.000000,0.000000,0.000000,0.000000,0.000000,0.000500
2025-08-12T17:14:14.609,0.000000,0.000000,-0.000500,0.000000,0.000000,0.000000,0.000000,0.000000
2025-08-12T17:14:15.124,0.000000,-0.000500,-0.000500,0.000000,0.000000,0.000000,0.000000,0.000000
2025-08-12T17:14:15.639,0.000000,0.000000,0.000000,0.000000,0.000000,0.000000,0.000000,0.000000
2025-08-12T17:14:16.154,0.000000,-0.000500,0.000000,-0.000500,0.000000,0.000000,0.000000,0.001000
2025-08-12T17:14:16.669,0.000500,0.000000,-0.000500,0.000000,0.000000,0.000000,0.000000,0.000000
2025-08-12T17:14:17.179,0.000000,-0.000500,-0.000500,-0.000500,0.000000,0.000000,0.000000,0.000500
2025-08-12T17:14:17.694,0.000000,-0.001000,0.000000,0.000000,0.000000,0.000000,0.000000,0.000000
2025-08-12T17:14:18.209,0.000000,-0.000500,0.000000,-0.000500,0.000000,0.000000,0.000000,0.000500
2025-08-12T17:14:18.724,0.000000,0.000000,-0.000500,-0.000500,0.000000,0.000000,0.000000,0.000500
2025-08-12T17:14:19.239,0.000000,-0.000500,0.000000,0.000000,0.000000,0.000000,0.000000,0.000000
2025-08-12T17:14:19.754,0.000000,0.000000,0.000000,0.000000,0.000000,0.000000,0.000000,0.000500
2025-08-12T17:14:20.269,0.000000,-0.000500,-0.000500,0.000000,0.000000,0.000000,0.000000,0.000000
2025-08-12T17:14:20.784,0.000500,0.000000,0.000000,0.000000,0.000000,0.000000,0.000000,0.000000
2025-08-12T17:14:21.299,0.000000,0.000000,0.000000,0.000000,0.000000,0.000000,0.000000,0.000000
2025-08-12T17:14:21.808,0.000000,-0.000500,0.000000,0.000000,0.000000,0.000000,0.000000,0.000000
2025-08-12T17:14:22.324,0.000000,-0.000500,-0.000500,0.000000,0.000000,0.000000,0.000000,0.000000
2025-08-12T17:14:22.839,0.000000,-0.000500,-0.000500,0.000000,0.000000,0.000000,0.000000,0.000000
2025-08-12T17:14:23.354,0.000000,-0.000500,0.000000,0.000000,0.000000,0.000000,0.000000,0.000500
2025-08-12T17:14:23.869,0.000000,-0.000500,0.000000,0.000000,0.000000,0.000000,0.000000,0.000000
2025-08-12T17:14:24.384,0.000000,0.000000,0.000000,-0.000500,0.000000,0.000000,0.000000,0.000500
2025-08-12T17:14:24.899,0.000000,-0.000500,0.000000,0.000000,0.000000,0.000000,0.000000,0.000000
2025-08-12T17:14:25.414,0.000000,-0.002000,0.000000,-0.000500,0.000000,0.000000,0.000000,0.000500
2025-08-12T17:14:25.929,-0.000500,-0.000500,0.000000,0.000000,0.000000,0.000000,0.000000,0.000500
2025-08-12T17:14:26.444,0.000000,-0.000500,0.000000,0.000000,0.000000,0.000000,0.000000,0.000000
2025-08-12T17:14:26.959,0.000000,-0.001000,-0.000500,0.000000,0.000000,0.000000,0.000000,0.000500
2025-08-12T17:14:27.474,0.000000,0.000000,0.000000,0.000000,0.000000,0.000000,0.000000,0.000000
2025-08-12T17:14:27.989,0.000000,-0.001000,-0.001000,0.000000,0.000000,0.000000,0.000000,0.000000
2025-08-12T17:14:28.504,0.000000,-0.001000,0.000000,0.000000,0.000000,0.000000,0.000000,0.000500
2025-08-12T17:14:29.019,0.000000,-0.000500,0.000000,0.000000,0.000000,0.000000,0.000000,0.000500
2025-08-12T17:14:29.534,0.000000,-0.000500,-0.000500,0.000000,0.000000,0.000000,0.000000,0.000000
2025-08-12T17:14:30.049,0.000000,0.000000,-0.000500,0.000000,0.000000,0.000000,0.000000,0.000500
2025-08-12T17:14:30.564,0.000000,-0.000500,0.000000,0.000000,0.000000,0.000000,0.000000,0.000000
2025-08-12T17:14:31.079,0.000000,-0.000500,-0.000500,0.000000,0.000000,0.000000,0.000000,0.000000
2025-08-12T17:14:31.594,0.000000,-0.000500,0.000000,-0.000500,0.000000,0.000000,0.000000,0.000500
2025-08-12T17:14:32.109,0.000000,-0.001000,-0.000500,0.000000,0.000000,0.000000,0.000000,0.000000
2025-08-12T17:14:32.624,0.000000,-0.000500,0.000000,0.000000,0.000000,0.000000,0.000000,0.000000
2025-08-12T17:14:33.139,0.000000,0.000000,0.000000,0.000000,0.000000,0.000000,0.000000,0.000500
2025-08-12T17:14:33.654,0.000000,-0.000500,0.000000,0.000000,0.000000,0.000000,0.000000,0.000500
2025-08-12T17:14:34.169,0.000000,-0.000500,0.000000,0.000000,0.000000,0.000000,0.000000,0.000000
2025-08-12T17:14:34.684,0.000000,-0.001000,0.000000,-0.000500,0.000000,0.000000,0.000000,0.000000
2025-08-12T17:14:35.199,0.000000,-0.000500,0.000000,0.000000,0.000000,0.000000,0.000000,0.000000
2025-08-12T17:14:35.714,0.000000,-0.000500,0.000000,-0.000500,0.000000,0.000000,0.000000,0.000500
2025-08-12T17:14:36.229,0.000000,-0.001000,0.000000,0.000000,0.000000,0.000000,0.000000,0.000000
2025-08-12T17:14:36.744,0.000000,-0.000500,0.000000,0.000000,0.000000,0.000000,0.000000,0.000500
2025-08-12T17:14:37.259,0.000000,-0.000500,-0.000500,0.000000,0.000000,0.000000,0.000000,0.000000
2025-08-12T17:14:37.774,0.000000,-0.000500,0.000000,-0.000500,0.000000,0.000000,0.000000,0.000000
2025-08-12T17:14:38.289,0.000000,-0.000500,0.000000,-0.000500,0.000000,0.000000,0.000000,0.000500
2025-08-12T17:14:38.804,0.000000,-0.000500,0.000000,-0.000500,0.000000,0.000000,0.000000,0.000000
2025-08-12T17:14:39.319,0.000000,0.000000,-0.000500,0.000000,0.000000,0.000000,0.000000,0.000500
2025-08-12T17:14:39.834,0.000000,-0.000500,0.000000,0.000000,0.000000,0.000000,0.000000,0.000000
2025-08-12T17:14:40.349,0.000000,-0.001000,0.000000,0.000000,0.000000,0.000000,0.000000,0.000500
2025-08-12T17:14:40.864,0.000000,0.000000,0.000000,0.000000,0.000000,0.000000,0.000000,0.000500
2025-08-12T17:14:41.379,0.000000,0.000000,0.000000,0.000000,0.000000,0.000000,0.000000,0.000000
2025-08-12T17:14:41.894,0.000000,-0.001000,0.000000,0.000000,0.000000,0.000000,0.000000,0.000000
2025-08-12T17:14:42.409,0.000000,-0.000500,0.000000,0.000000,0.000000,0.000000,0.000000,0.000000
2025-08-12T17:14:42.924,0.000000,-0.000500,-0.000500,0.000000,0.000000,0.000000,0.000000,0.000500
2025-08-12T17:14:43.434,0.000000,0.000000,-0.000500,0.000000,0.000000,0.000000,0.000000,0.000000
2025-08-12T17:14:43.949,0.000000,-0.001000,0.000000,0.000000,0.000000,0.000000,0.000000,0.000000
2025-08-12T17:14:44.459,0.000000,0.000000,0.000000,0.000000,0.000000,0.000000,0.000000,0.000500
2025-08-12T17:14:44.974,0.000000,-0.001000,0.000000,-0.000500,0.000000,0.000000,0.000000,0.000500
2025-08-12T17:14:45.489,-0.000500,-0.000500,-0.000500,-0.000500,0.000000,0.000000,0.000000,0.000500
2025-08-12T17:14:46.004,0.000000,0.000000,0.000000,0.000000,0.000000,0.000000,0.000000,0.000500
2025-08-12T17:14:46.519,0.000000,0.000000,0.000000,0.000000,0.000000,0.000000,0.000000,0.000500
2025-08-12T17:14:47.035,0.000000,-0.000500,0.000000,0.000000,0.000000,0.000000,0.000000,0.000000
2025-08-12T17:14:47.550,0.000000,-0.000500,-0.000500,0.000000,0.000000,0.000000,0.000000,0.000000
2025-08-12T17:14:48.065,0.000000,-0.000500,0.000000,0.000000,0.000000,0.000000,0.000000,0.000000
2025-08-12T17:14:48.580,0.000000,0.000000,0.000000,0.000000,0.000000,0.000000,0.000000,0.000000
2025-08-12T17:14:49.095,0.000000,-0.000500,-0.000500,0.000000,0.000000,0.000000,0.000000,0.000000
2025-08-12T17:14:49.610,0.000000,-0.001000,0.000000,0.000000,0.000000,0.000000,0.000000,0.000000
2025-08-12T17:14:50.125,0.000000,-0.001000,-0.000500,0.000000,0.000000,0.000000,0.000000,0.000500
2025-08-12T17:14:50.640,0.000000,0.000000,0.000000,0.000000,-0.001000,0.000000,0.000500,0.000000
2025-08-12T17:14:51.155,0.000000,0.000000,0.000000,0.000000,-0.000500,0.000000,0.000000,0.000000
2025-08-12T17:14:51.670,0.000000,0.000000,0.000000,0.000000,-0.000500,-0.001000,0.000500,0.000500
2025-08-12T17:14:52.185,0.000000,0.000000,0.000000,0.000000,0.000000,0.000000,0.000500,0.000000
2025-08-12T17:14:52.700,0.000000,0.000000,0.000000,0.000500,0.000000,0.000000,0.000500,0.000000
2025-08-12T17:14:53.215,0.000000,0.000000,0.000000,0.000000,0.000000,0.000000,0.000500,0.000500
2025-08-12T17:14:53.730,0.000000,0.000000,0.000000,0.000000,0.000000,0.000000,0.000500,0.000000
2025-08-12T17:14:54.245,0.000000,0.000000,0.000000,0.000000,0.000000,0.000500,0.000500,0.000000
2025-08-12T17:14:54.760,-0.000500,-0.000500,0.000000,0.000000,0.000000,0.000000,0.000000,0.000000
2025-08-12T17:14:55.275,0.000000,-0.000500,0.000000,0.000000,0.000000,0.000000,0.000500,0.000000
2025-08-12T17:14:55.790,-0.000500,0.000000,0.000000,-0.000500,0.000000,0.000000,0.000500,0.000000
2025-08-12T17:14:56.305,0.000000,0.000000,0.000000,0.000000,0.000000,0.000000,0.000000,0.000000
2025-08-12T17:14:56.814,0.000000,0.000000,0.000000,0.000000,0.000000,0.000000,0.000500,0.000000
2025-08-12T17:14:57.330,-0.000500,-0.000500,0.000000,0.000000,0.000000,0.000000,0.000500,0.000000
2025-08-12T17:14:57.845,0.000000,0.000000,0.000000,0.000000,0.000000,0.000000,0.000000,0.000000
2025-08-12T17:14:58.360,-0.000500,-0.000500,0.000000,0.000000,0.000000,0.000000,0.000000,0.000000
2025-08-12T17:14:58.875,-0.000500,-0.000500,0.000000,0.000000,0.000000,0.000000,0.000000,0.000000
2025-08-12T17:14:59.390,0.000000,-0.001000,0.000000,0.000000,0.000000,0.000000,0.000000,0.000000
2025-08-12T17:14:59.905,-0.000500,0.000000,0.000000,0.000000,0.000000,0.000000,0.000500,0.000500
2025-08-12T17:15:00.420,0.000000,-0.000500,0.000000,0.000000,0.000000,0.000000,0.000000,0.000000
2025-08-12T17:15:00.935,0.000000,0.000000,0.000000,0.000000,0.000000,0.000000,0.000000,0.000000
2025-08-12T17:15:01.450,-0.000500,-0.000500,0.000000,0.000000,0.000500,0.000000,0.000000,0.001000
2025-08-12T17:15:01.965,-0.000500,-0.000500,0.000000,0.000000,0.000000,0.000000,0.000000,0.000000
2025-08-12T17:15:02.480,0.000000,-0.000500,0.000000,0.000000,0.000000,0.000000,0.000000,0.000000
2025-08-12T17:15:02.995,0.000000,-0.000500,-0.000500,0.000000,0.000000,0.000000,0.000000,0.000000
2025-08-12T17:15:03.505,0.000000,-0.001000,0.000000,0.000000,0.000000,0.000000,0.000000,0.000000
2025-08-12T17:15:04.021,0.000000,0.000000,0.000000,0.000000,0.000000,0.000000,0.000500,0.000500
2025-08-12T17:15:04.535,0.000000,-0.000500,0.000000,0.000000,0.000000,0.000000,0.000000,0.000000
2025-08-12T17:15:05.050,0.000000,-0.000500,0.000000,0.000000,0.000000,0.000000,0.000000,0.000000
2025-08-12T17:15:05.565,0.000000,-0.000500,0.000000,0.000000,0.000000,0.000000,0.000500,0.000500
2025-08-12T17:15:06.080,0.000000,-0.000500,0.000000,0.000000,0.000000,0.000000,0.000000,0.000000
2025-08-12T17:15:06.595,0.000000,0.000000,0.000000,0.000000,0.000000,0.000000,0.000000,0.000000
2025-08-12T17:15:07.110,0.000000,-0.000500,0.000000,0.000000,0.000000,0.000000,0.000000,0.000500
2025-08-12T17:15:07.625,0.000000,0.000000,0.000000,0.000000,0.000000,0.000000,0.000000,0.000000
2025-08-12T17:15:08.140,0.000000,0.000000,0.000000,0.000000,0.000000,0.000000,0.000000,0.000000
2025-08-12T17:15:08.655,-0.000500,-0.000500,-0.000500,0.000000,0.000000,0.000000,0.000000,0.001000
2025-08-12T17:15:09.170,0.000000,-0.000500,-0.000500,0.000000,0.000000,0.000000,0.000000,0.000000
2025-08-12T17:15:09.685,0.000000,-0.001000,0.000000,0.000000,0.000000,0.000000,0.000000,0.000500
2025-08-12T17:15:10.200,-0.000500,-0.001000,0.000000,-0.000500,0.000000,0.000000,0.000000,0.000500
2025-08-12T17:15:10.715,0.000000,-0.000500,-0.000500,0.000000,0.000000,0.000000,0.000000,0.000000
2025-08-12T17:15:11.230,0.000000,-0.000500,0.000000,0.000000,0.000000,0.000000,0.000000,0.000000
2025-08-12T17:15:11.745,0.000000,0.000000,0.000000,0.000000,0.000000,0.000000,0.000000,0.000000
2025-08-12T17:15:12.260,0.000000,-0.000500,0.000000,0.000000,0.000500,0.000000,0.000000,0.000500
2025-08-12T17:15:12.775,0.000000,0.000000,-0.000500,0.000000,0.000000,0.000000,0.000000,0.000000
2025-08-12T17:15:13.290,-0.000500,-0.000500,0.000000,0.000000,0.000000,0.000000,0.000000,0.000000
2025-08-12T17:15:13.805,-0.000500,-0.000500,0.000000,-0.000500,0.000000,0.000000,0.000000,0.000000
2025-08-12T17:15:14.320,-0.000500,0.000000,0.000000,0.000000,0.000000,0.000000,0.000000,0.000000
2025-08-12T17:15:14.835,-0.000500,-0.000500,0.000000,0.000000,0.000000,0.000000,0.000000,0.000000
2025-08-12T17:15:15.350,0.000000,-0.000500,0.000000,0.000000,0.000000,0.000000,0.000000,0.000000
2025-08-12T17:15:15.865,0.000000,0.000000,0.000000,0.000000,0.000000,0.000000,0.000000,0.000000
2025-08-12T17:15:16.381,0.000000,-0.001000,0.000000,0.000000,0.000000,0.000000,0.000000,0.000000
2025-08-12T17:15:16.895,0.000000,0.000000,0.000000,0.000000,0.000000,0.000000,0.000000,0.000000
2025-08-12T17:15:17.410,-0.000500,-0.000500,-0.000500,0.000000,0.000000,0.000000,0.000000,0.000000
2025-08-12T17:15:17.926,0.000000,-0.000500,0.000000,0.000000,0.000000,0.000000,0.000000,0.000500
2025-08-12T17:15:18.441,0.000000,-0.000500,0.000000,0.000000,0.000000,0.000000,0.000000,0.000000
2025-08-12T17:15:18.956,0.000000,-0.000500,0.000000,0.000000,0.000000,0.000000,0.000000,0.000000
2025-08-12T17:15:19.471,0.000000,-0.000500,0.000000,-0.000500,0.000000,0.000000,0.000000,0.000500
2025-08-12T17:15:19.986,0.000000,-0.000500,0.000000,0.000000,0.000000,0.000000,0.000000,0.000500
2025-08-12T17:15:20.501,0.000000,0.000000,0.000000,0.000000,0.000000,0.000000,0.000000,0.000000
2025-08-12T17:15:21.016,0.000000,-0.001000,0.000000,0.000000,0.000000,0.000000,0.000000,0.000000
2025-08-12T17:15:21.536,0.000000,0.000000,0.000000,0.000000,0.000000,0.000000,0.000000,0.000000
2025-08-12T17:15:22.056,-0.000500,-0.000500,0.000000,0.000000,0.000500,0.000000,0.000000,0.000000
2025-08-12T17:15:22.576,0.000000,-0.000500,0.000000,0.000000,0.000000,0.000000,0.000000,0.000500
2025-08-12T17:15:23.096,0.000000,0.000000,0.000000,0.000000,0.000000,0.000000,0.000000,0.000500
2025-08-12T17:15:23.616,0.000000,0.000000,0.000000,0.000000,0.000000,0.000000,0.000000,0.000000
2025-08-12T17:15:24.136,0.000000,-0.000500,0.000000,0.000000,0.000000,0.000000,0.000000,0.000000
2025-08-12T17:15:24.656,0.000000,-0.000500,0.000000,0.000000,0.000000,-0.000500,0.000000,0.000000
2025-08-12T17:15:25.171,0.000000,-0.000500,0.000000,0.000000,0.000000,0.000000,0.000000,0.000500
2025-08-12T17:15:25.686,0.000000,-0.000500,-0.000500,0.000000,0.000000,0.000000,0.000000,0.000000
2025-08-12T17:15:26.206,-0.000500,-0.000500,0.000000,0.000000,0.000000,0.000000,0.000000,0.000500
2025-08-12T17:15:26.721,-0.000500,-0.000500,0.000000,0.000000,0.000000,0.000000,0.000000,0.000500
2025-08-12T17:15:27.241,0.000000,-0.000500,0.000000,0.000000,0.000000,0.000000,0.000000,0.000000
2025-08-12T17:15:27.761,0.000000,0.000000,0.000000,0.000000,0.000000,0.000000,0.000000,0.000000
2025-08-12T17:15:28.281,-0.000500,-0.000500,-0.000500,0.000000,0.000000,0.000000,0.000000,0.000000
2025-08-12T17:15:28.796,0.000000,-0.000500,0.000000,0.000000,0.000000,0.000000,0.000000,0.000500
2025-08-12T17:15:29.311,-0.000500,-0.000500,-0.000500,0.000000,0.000000,0.000000,0.000000,0.000000
2025-08-12T17:15:29.826,0.000000,-0.000500,0.000000,0.000000,0.000000,0.000000,0.000000,0.000000
2025-08-12T17:15:30.346,0.000000,0.000000,0.000000,-0.000500,0.000000,0.000000,0.000000,0.000000
2025-08-12T17:15:30.861,-0.000500,-0.001000,0.000000,-0.000500,0.000000,0.000000,0.000000,0.000000
2025-08-12T17:15:31.371,0.000000,0.000000,-0.001000,0.000000,0.000000,0.000000,0.000000,0.000500
2025-08-12T17:15:31.891,-0.000500,-0.000500,0.000000,0.000000,0.000000,0.000000,0.000000,0.000500
2025-08-12T17:15:32.411,0.000000,0.000000,0.000000,0.000000,0.000000,0.000000,0.000000,0.000500
2025-08-12T17:15:32.926,0.000000,-0.000500,0.000000,0.000000,0.000000,0.000000,0.000000,0.000500
2025-08-12T17:15:33.436,-0.000500,-0.000500,0.000000,0.000000,0.000000,0.000000,0.000000,0.000500
2025-08-12T17:15:33.956,-0.000500,0.000000,0.000000,0.000000,0.000000,0.000000,0.000000,0.000000
2025-08-12T17:15:34.471,0.000000,-0.001000,-0.000500,0.000000,0.000000,0.000000,0.000000,0.000000
2025-08-12T17:15:34.991,-0.000500,-0.000500,-0.001000,0.000000,0.000000,0.000000,0.000000,0.000500
2025-08-12T17:15:35.511,0.000000,-0.000500,0.000000,0.000000,0.000000,0.000000,0.000000,0.000000
2025-08-12T17:15:36.026,0.000000,-0.001000,-0.000500,0.000000,0.000000,0.000000,0.000000,0.000500
2025-08-12T17:15:36.541,0.000000,-0.000500,-0.000500,0.000000,0.000000,0.000000,0.000000,0.000000
2025-08-12T17:15:37.061,0.000000,0.000000,-0.000500,0.000000,0.000000,0.000000,0.000000,0.000000
2025-08-12T17:15:37.581,0.000000,-0.000500,0.000000,0.000000,0.000000,0.000000,0.000000,0.000000
2025-08-12T17:15:38.096,0.000000,-0.000500,-0.000500,0.000000,0.000000,0.000000,0.000000,0.000000
2025-08-12T17:15:38.616,-0.000500,0.000000,0.000000,0.000000,0.000000,0.000000,0.000000,0.000500
2025-08-12T17:15:39.126,-0.000500,0.000000,-0.000500,0.000000,0.000000,0.000000,0.000000,0.000000
2025-08-12T17:15:39.646,0.000000,-0.000500,-0.000500,-0.000500,0.000000,0.000000,0.000000,0.000500
2025-08-12T17:15:40.161,-0.001000,-0.000500,-0.000500,0.000000,0.000000,0.000000,0.000000,0.000000
2025-08-12T17:15:40.681,0.000000,-0.000500,0.000000,0.000000,0.000000,0.000000,0.000000,0.000000
2025-08-12T17:15:41.201,-0.001000,0.000000,0.000000,0.000000,0.000000,0.000000,0.000000,0.000500
2025-08-12T17:15:41.721,-0.000500,-0.000500,-0.000500,0.000000,0.000000,0.000000,0.000000,0.000500
2025-08-12T17:15:42.241,0.000000,0.000000,-0.000500,0.000000,0.000000,0.000000,0.000000,0.000500
2025-08-12T17:15:42.756,-0.002500,-0.000500,0.000000,-0.000500,0.000000,0.000000,0.000000,0.000000
2025-08-12T17:15:43.276,0.001500,-0.000500,0.000000,0.000000,0.000000,0.000000,0.000000,0.000000
2025-08-12T17:15:43.796,0.003500,-0.000500,-0.000500,-0.000500,0.000000,0.000000,0.000000,0.000500
2025-08-12T17:15:44.306,-0.004000,0.000000,0.000000,0.000000,0.000000,0.000000,0.000000,0.000500
2025-08-12T17:15:44.816,0.006000,-0.000500,0.000000,-0.000500,0.000000,0.000000,0.000000,0.000000
2025-08-12T17:15:45.336,-0.010500,-0.001000,-0.000500,0.000000,0.000000,0.000000,0.000000,0.000500
2025-08-12T17:15:45.851,-0.008000,0.000000,0.000000,-0.000500,0.000000,0.000000,0.000000,0.000000
2025-08-12T17:15:46.366,0.006500,-0.000500,-0.000500,0.000000,0.000000,0.000000,0.000000,0.000000
2025-08-12T17:15:46.886,-0.011000,-0.000500,-0.001000,-0.000500,0.000000,0.000000,0.000000,0.000000
2025-08-12T17:15:47.406,0.000000,-0.000500,-0.000500,0.000000,0.000000,0.000000,0.000000,0.000000
2025-08-12T17:15:47.921,-0.002000,-0.000500,-0.001000,0.000000,0.000000,0.000000,0.000000,0.000000
2025-08-12T17:15:48.436,0.006500,-0.000500,-0.000500,-0.000500,0.000000,0.000000,0.000000,0.000000
2025-08-12T17:15:48.956,-0.002500,-0.000500,0.000000,-0.000500,0.000000,0.000000,0.000000,0.000500
2025-08-12T17:15:49.471,0.008000,-0.000500,0.000000,-0.000500,0.000000,0.000000,0.000000,0.000500
2025-08-12T17:15:49.986,0.005000,0.000000,-0.000500,-0.000500,0.000000,0.000000,0.000000,0.000000
2025-08-12T17:15:50.501,-0.002000,-0.000500,0.000000,0.000000,0.000000,0.000000,-0.000500,0.000500
2025-08-12T17:15:51.021,0.006500,-0.001000,0.000000,0.000000,0.000000,0.000000,0.000000,0.000000
2025-08-12T17:15:51.531,-0.001500,-0.000500,0.000000,-0.000500,0.000000,0.000000,0.000000,0.000500
2025-08-12T17:15:52.046,-0.009000,-0.000500,-0.000500,0.000000,0.000000,0.000000,0.000000,0.000500
2025-08-12T17:15:52.566,0.007500,0.000000,0.000000,0.000000,0.000000,0.000000,0.000000,0.000500
2025-08-12T17:15:53.087,-0.005000,0.000000,0.000000,0.000000,0.000000,0.000000,0.000000,0.000500
2025-08-12T17:15:53.607,0.007500,-0.000500,-0.001000,0.000000,0.000000,0.000000,0.000000,0.000500
2025-08-12T17:15:54.122,-0.010000,-0.000500,0.000000,0.000000,0.000000,0.000000,0.000000,0.000000
2025-08-12T17:15:54.637,-0.006000,-0.000500,0.000000,0.000000,0.000000,0.000000,0.000000,0.000000
2025-08-12T17:15:55.157,0.006500,-0.000500,0.000000,0.000000,0.000000,0.000000,0.000000,0.000500
2025-08-12T17:15:55.672,-0.010000,-0.000500,-0.000500,-0.000500,0.000000,0.000000,0.000000,0.000500
2025-08-12T17:15:56.192,0.005000,-0.001000,-0.000500,0.000000,0.000000,0.000000,0.000000,0.000500
2025-08-12T17:15:56.707,-0.005000,-0.000500,0.000000,-0.000500,0.000000,0.000000,0.000000,0.000500
2025-08-12T17:15:57.222,-0.001000,0.000000,0.000000,0.000000,0.000500,0.000000,0.000000,0.000500
2025-08-12T17:15:57.737,-0.010000,0.000000,-0.000500,0.000000,0.000000,0.000000,0.000000,0.000500
2025-08-12T17:15:58.252,0.005000,-0.000500,-0.000500,0.000000,0.000000,0.000000,0.000000,0.000500
2025-08-12T17:15:58.772,-0.010000,-0.000500,0.000000,0.000000,0.000000,0.000000,0.000000,0.000500
2025-08-12T17:15:59.292,0.007000,-0.001000,-0.000500,0.000000,0.000000,0.000000,0.000000,0.000500
2025-08-12T17:15:59.807,-0.009000,-0.000500,0.000000,-0.000500,0.000000,0.000000,0.000000,0.000000
2025-08-12T17:16:00.322,-0.010500,-0.000500,-0.000500,-0.000500,0.000000,0.000000,0.000000,0.000000
2025-08-12T17:16:00.837,0.001500,-0.000500,0.000000,-0.000500,0.000000,0.000000,0.000000,0.000500
2025-08-12T17:16:01.357,-0.001000,-0.000500,0.000000,-0.000500,0.000000,0.000000,0.000000,0.000500
2025-08-12T17:16:01.867,0.006500,-0.000500,-0.000500,0.000000,0.000000,0.000000,0.000000,0.000000
2025-08-12T17:16:02.387,-0.010000,-0.000500,0.000000,0.000000,0.000000,0.000000,0.000000,0.000500
2025-08-12T17:16:02.902,-0.000500,0.000000,-0.000500,-0.000500,0.000000,0.000000,0.000000,0.000000
2025-08-12T17:16:03.417,-0.001000,-0.000500,0.000000,0.000000,0.000000,0.000000,0.000000,0.000000
2025-08-12T17:16:03.937,-0.000500,-0.000500,0.000000,-0.000500,0.000000,0.000000,0.000000,0.000000
2025-08-12T17:16:04.452,-0.010000,0.000000,0.000000,0.000000,0.000000,0.000000,0.000000,0.000500
2025-08-12T17:16:04.972,-0.001500,0.000000,0.000000,0.000000,0.000000,0.000000,0.000000,0.000000
2025-08-12T17:16:05.487,-0.005000,-0.000500,0.000000,-0.000500,0.000000,0.000000,0.000000,0.000000
2025-08-12T17:16:06.007,0.007000,-0.000500,-0.000500,0.000000,0.000000,0.000000,0.000000,0.000000
2025-08-12T17:16:06.527,-0.007000,0.000000,-0.000500,0.000000,0.000000,0.000000,0.000000,0.000000
2025-08-12T17:16:07.047,0.006500,-0.000500,0.000000,0.000000,0.000000,0.000000,0.000000,0.000000
2025-08-12T17:16:07.567,-0.010000,-0.000500,0.000000,-0.000500,0.000000,0.000000,0.000000,0.000500
2025-08-12T17:16:08.087,-0.001000,-0.000500,0.000000,0.000000,0.000000,0.000000,0.000000,0.000000
2025-08-12T17:16:08.607,-0.001500,-0.000500,0.000000,-0.000500,0.000000,0.000000,0.000000,0.000500
2025-08-12T17:16:09.127,-0.001000,-0.001000,-0.000500,0.000000,0.000000,0.000000,0.000000,0.000000
2025-08-12T17:16:09.647,-0.002000,-0.001000,-0.000500,-0.000500,0.000000,0.000000,0.000000,0.000500
2025-08-12T17:16:10.167,-0.001500,-0.000500,-0.000500,0.000000,0.000000,0.000000,0.000000,0.000500
2025-08-12T17:16:10.682,-0.001500,0.000000,0.000000,0.000000,0.000000,0.000000,0.000000,0.000500
2025-08-12T17:16:11.192,-0.001500,0.000000,-0.001000,0.000000,0.000000,0.000000,0.000000,0.000500
2025-08-12T17:16:11.712,-0.001500,-0.000500,0.000000,0.000000,0.000000,0.000000,0.000000,0.000500
2025-08-12T17:16:12.232,-0.001000,-0.001000,0.000000,0.000000,0.000000,0.000000,0.000000,0.000500
2025-08-12T17:16:12.747,-0.001000,-0.001000,-0.000500,-0.000500,0.000000,0.000000,0.000000,0.000500
2025-08-12T17:16:13.257,-0.002000,-0.000500,0.000000,-0.000500,0.000000,0.000000,0.000000,0.000500
2025-08-12T17:16:13.778,-0.001500,-0.000500,0.000000,0.000000,0.000000,0.000000,0.000000,0.000500
2025-08-12T17:16:14.297,-0.002000,-0.000500,-0.000500,0.000000,0.000000,0.000000,0.000000,0.000500
2025-08-12T17:16:14.812,0.000500,-0.000500,-0.000500,-0.000500,0.000000,0.000000,0.000000,0.000000
2025-08-12T17:16:15.332,-0.001500,-0.000500,-0.000500,0.000000,0.000000,0.000000,0.000000,0.000000
2025-08-12T17:16:15.852,-0.003500,-0.000500,0.000000,0.000000,0.000000,0.000000,0.000000,0.000500
2025-08-12T17:16:16.372,0.000000,-0.001000,-0.001000,0.000000,0.000000,0.000000,0.000000,0.000000
2025-08-12T17:16:16.887,-0.022000,-0.000500,0.000000,0.000000,0.000000,0.000000,0.000000,0.000500
2025-08-12T17:16:17.407,0.016500,-0.001000,-0.000500,-0.000500,0.000000,0.000000,0.000000,0.000500
2025-08-12T17:16:17.922,-0.002500,-0.000500,0.000000,-0.000500,0.000000,0.000000,0.000000,0.000500
2025-08-12T17:16:18.432,0.000000,-0.001000,0.000000,-0.000500,0.000000,0.000000,0.000000,0.000000
2025-08-12T17:16:18.947,-0.002000,-0.000500,-0.000500,-0.000500,0.000000,0.000000,0.000000,0.000000
2025-08-12T17:16:19.457,0.000000,0.000000,0.000000,0.000000,0.000000,0.000000,0.000000,0.000500
2025-08-12T17:16:19.972,-0.003000,-0.001000,-0.000500,0.000000,0.000000,0.000000,0.000000,0.000000
2025-08-12T17:16:20.487,0.000000,-0.000500,-0.000500,-0.000500,0.000000,0.000000,0.000000,0.000500
2025-08-12T17:16:21.002,0.000000,-0.000500,-0.001000,0.000000,0.000000,0.000000,0.000000,0.000500
2025-08-12T17:16:21.522,0.000000,-0.000500,-0.000500,0.000000,0.000000,0.000000,0.000000,0.000000
2025-08-12T17:16:22.042,-0.002000,0.000000,0.000000,0.000000,0.000500,0.000000,0.000000,0.000500
2025-08-12T17:16:22.557,0.000000,-0.000500,-0.000500,0.000000,0.000000,0.000000,0.000000,0.000500
2025-08-12T17:16:23.077,-0.002500,-0.001000,-0.000500,0.000000,0.000000,0.000000,0.000000,0.000500
2025-08-12T17:16:23.597,0.000000,-0.000500,-0.001000,-0.000500,0.000000,0.000000,0.000000,0.000000
2025-08-12T17:16:24.117,-0.000500,-0.001000,-0.000500,-0.000500,0.000000,0.000000,0.000000,0.000000
2025-08-12T17:16:24.638,-0.001500,-0.000500,0.000000,-0.000500,0.000000,0.000000,0.000000,0.000500
2025-08-12T17:16:25.157,0.000000,-0.001000,0.000000,0.000000,0.000000,0.000000,0.000000,0.000000
2025-08-12T17:16:25.677,-0.003000,-0.000500,0.000000,-0.000500,0.000000,0.000000,0.000000,0.000500
2025-08-12T17:16:26.193,0.000000,-0.000500,0.000000,-0.000500,0.000000,0.000000,0.000000,0.000500
2025-08-12T17:16:26.703,-0.003000,0.000000,-0.000500,0.000000,0.000000,0.000000,0.000000,0.000500
2025-08-12T17:16:27.217,0.000000,-0.000500,-0.001000,0.000000,0.000000,0.000000,0.000000,0.000500
2025-08-12T17:16:27.732,-0.003000,0.000000,0.000000,0.000000,0.000000,0.000000,0.000000,0.000500
2025-08-12T17:16:28.253,-0.000500,-0.000500,-0.000500,0.000000,0.000000,0.000000,0.000000,0.000000
2025-08-12T17:16:28.773,-0.003000,-0.000500,0.000000,0.000000,0.000000,0.000000,0.000000,0.000500
2025-08-12T17:16:29.293,0.000000,0.000000,0.000000,-0.000500,0.000000,0.000000,0.000000,0.000500
2025-08-12T17:16:29.808,0.000000,0.000000,-0.000500,-0.000500,0.000000,0.000000,0.000000,0.000000
2025-08-12T17:16:30.328,-0.001000,0.000000,0.000000,0.000000,0.000000,0.000000,0.000000,0.000000
2025-08-12T17:16:30.848,-0.002500,0.000000,0.000000,0.000000,0.000000,0.000000,0.000000,0.000500
2025-08-12T17:16:31.368,0.000000,-0.000500,-0.000500,-0.000500,0.000000,0.000000,0.000000,0.000000
2025-08-12T17:16:31.878,0.000000,-0.000500,0.000000,0.000000,0.000000,0.000000,0.000000,0.000500
2025-08-12T17:16:32.398,-0.003000,0.000000,0.000000,0.000000,0.000000,0.000000,0.000000,0.000000
2025-08-12T17:16:32.918,-0.001000,-0.000500,0.000000,0.000000,0.000000,0.000000,0.000000,0.000500
2025-08-12T17:16:33.433,-0.002000,-0.000500,-0.000500,0.000000,0.000000,0.000000,0.000000,0.000500
2025-08-12T17:16:33.953,-0.002500,-0.000500,0.000000,0.000000,0.000000,0.000000,0.000000,0.000500
2025-08-12T17:16:34.468,0.000000,-0.000500,-0.000500,0.000000,0.000000,0.000000,0.000000,0.000000
2025-08-12T17:16:34.983,-0.001000,-0.000500,0.000000,0.000000,0.000000,0.000000,0.000000,0.000500
2025-08-12T17:16:35.493,-0.002000,-0.000500,0.000000,-0.000500,0.000000,0.000000,0.000000,0.000000
2025-08-12T17:16:36.008,0.000000,-0.000500,0.000000,0.000000,0.000000,0.000000,0.000000,0.000500
2025-08-12T17:16:36.528,-0.003000,-0.000500,-0.000500,0.000000,0.000000,0.000000,0.000000,0.000500
2025-08-12T17:16:37.048,0.000000,-0.000500,-0.000500,-0.000500,0.000000,0.000000,0.000000,0.000000
2025-08-12T17:16:37.568,-0.003000,-0.000500,0.000000,-0.000500,0.000000,0.000000,0.000000,0.000500
2025-08-12T17:16:38.083,-0.003000,-0.000500,0.000000,-0.000500,0.000000,0.000000,0.000000,0.000000
2025-08-12T17:16:38.603,0.000000,-0.001000,-0.000500,-0.000500,0.000000,0.000000,0.000000,0.000500
2025-08-12T17:16:39.123,-0.002000,-0.000500,0.000000,-0.000500,0.000000,0.000000,0.000000,0.000000
2025-08-12T17:16:39.638,-0.002000,-0.000500,-0.000500,0.000000,0.000000,0.000000,0.000000,0.000500
2025-08-12T17:16:40.158,-0.002500,-0.001000,-0.000500,0.000000,0.000000,0.000000,0.000000,0.000000
2025-08-12T17:16:40.673,-0.002000,-0.000500,-0.001000,0.000000,0.000000,0.000000,0.000000,0.000500
2025-08-12T17:16:41.183,-0.002000,-0.000500,0.000000,0.000000,0.000000,0.000000,0.000000,0.000000
2025-08-12T17:16:41.698,0.000000,-0.000500,-0.000500,0.000000,0.000000,0.000000,0.000000,0.000000
2025-08-12T17:16:42.218,-0.003000,-0.000500,-0.000500,0.000000,0.000000,0.000000,0.000000,0.000500
2025-08-12T17:16:42.738,0.000500,-0.000500,-0.000500,0.000000,0.000000,0.000000,0.000000,0.000000
2025-08-12T17:16:43.248,-0.003000,0.000000,0.000000,0.000000,0.000000,-0.000500,0.000000,0.000000
2025-08-12T17:16:43.763,-0.001500,0.000000,0.000000,0.000000,0.000000,0.000000,0.000000,0.000000
2025-08-12T17:16:44.278,-0.003000,-0.000500,0.000000,0.000000,0.000000,0.000000,0.000000,0.000500
2025-08-12T17:16:44.798,-0.000500,-0.000500,-0.000500,-0.000500,0.000000,0.000000,0.000000,0.000000
2025-08-12T17:16:45.318,-0.003000,-0.000500,0.000000,0.000000,0.000000,0.000000,0.000000,0.000500
2025-08-12T17:16:45.838,0.000000,-0.001000,0.000000,-0.000500,0.000000,0.000000,0.000000,0.000000
2025-08-12T17:16:46.348,-0.003000,-0.000500,-0.001000,0.000000,0.000000,0.000000,0.000000,0.000500
2025-08-12T17:16:46.868,0.000000,-0.000500,-0.001000,0.000000,0.000000,0.000000,0.000000,0.000500
2025-08-12T17:16:47.388,-0.001000,-0.000500,0.000000,0.000000,0.000000,0.000000,0.000000,0.000500
2025-08-12T17:16:47.908,-0.003000,-0.000500,0.000000,-0.000500,0.000000,0.000000,0.000000,0.000000
2025-08-12T17:16:48.428,0.000000,-0.001000,-0.000500,-0.000500,0.000000,0.000000,0.000000,0.000500
2025-08-12T17:16:48.948,-0.003000,-0.000500,0.000000,0.000000,0.000000,0.000000,0.000000,0.000500
2025-08-12T17:16:49.468,-0.002500,-0.000500,-0.000500,0.000000,0.000000,0.000000,0.000000,0.000500
2025-08-12T17:16:49.988,-0.003000,-0.000500,0.000000,-0.000500,0.000000,0.000000,0.000000,0.000500
2025-08-12T17:16:50.503,0.000000,0.000000,-0.000500,-0.000500,0.000000,0.000000,0.000000,0.000500
2025-08-12T17:16:51.023,-0.002500,-0.001000,-0.000500,0.000000,0.000000,0.000000,0.000000,0.000000
2025-08-12T17:16:51.538,-0.001000,-0.001000,0.000000,0.000000,0.000000,0.000000,0.000000,0.000500
2025-08-12T17:16:52.058,-0.000500,-0.001000,0.000000,0.000000,0.000000,0.000000,0.000000,0.000500
2025-08-12T17:16:52.578,-0.003000,-0.000500,-0.000500,0.000000,0.000000,0.000000,0.000000,0.000000
2025-08-12T17:16:53.098,-0.002500,0.000000,0.000000,0.000000,0.000000,0.000000,0.000000,0.000000
2025-08-12T17:16:53.618,-0.003000,-0.000500,0.000000,0.000000,0.000000,0.000000,0.000000,0.000000
2025-08-12T17:16:54.138,-0.001000,-0.001000,0.000000,0.000000,0.000000,0.000000,0.000000,0.000000
2025-08-12T17:16:54.648,-0.003000,-0.000500,0.000000,0.000000,0.000000,0.000000,0.000000,0.000500
timestamp,ch0_V,ch1_V,ch2_V,ch3_V,ch4_V,ch5_V,ch6_V,ch7_V
2025-08-12T17:36:09.012,0.058000,0.000000,0.000000,0.000000,0.000000,0.000000,0.000000,0.000500
2025-08-12T17:36:09.527,0.053500,0.000000,0.000000,0.000000,0.000000,0.000000,0.000000,0.000500
2025-08-12T17:36:10.042,0.050500,-0.000500,0.000000,0.000000,0.000000,0.000000,0.000000,0.000000
2025-08-12T17:36:10.557,0.047000,0.000000,0.000000,0.000000,0.000000,0.000000,0.000000,0.000500
2025-08-12T17:36:11.072,0.044000,0.000000,0.000000,0.000000,0.000000,0.000000,0.000000,0.000500
2025-08-12T17:36:11.587,0.042000,-0.000500,0.000000,0.000000,0.000000,0.000000,0.000000,0.000000
2025-08-12T17:36:12.102,0.039000,-0.000500,0.000000,0.000000,0.000000,0.000000,0.000000,0.000500
2025-08-12T17:36:12.617,0.036500,0.000000,0.000000,0.000000,0.000000,0.000000,0.000000,0.000000
2025-08-12T17:36:13.132,1.217000,-0.000500,0.000000,0.000000,0.000000,0.000000,0.000000,0.000500
2025-08-12T17:36:13.647,3.407000,0.000000,0.000000,0.000000,0.000000,0.000000,0.000000,0.000500
2025-08-12T17:36:14.162,3.407500,-0.000500,0.000000,0.000000,0.000000,0.000000,0.000000,0.000500
2025-08-12T17:36:14.677,3.407500,0.000000,0.000000,0.000000,0.000000,0.000000,0.000000,0.000000
2025-08-12T17:36:15.192,3.408000,0.000000,0.000000,0.000000,0.000000,-0.000500,0.000000,0.000500
2025-08-12T17:36:15.707,3.407500,0.000000,0.000000,0.000000,0.000000,0.000000,0.000000,0.000500
2025-08-12T17:36:16.222,3.407500,-0.000500,0.000000,0.000000,0.000000,0.000000,0.000000,0.000500
2025-08-12T17:36:16.737,3.407500,-0.001000,-0.000500,0.000000,0.000000,0.000000,0.000000,0.000000
2025-08-12T17:36:17.252,3.407500,-0.000500,0.000000,0.000000,0.000000,0.000000,0.000000,0.000000
2025-08-12T17:36:17.767,3.406500,-0.000500,0.000000,0.000000,0.000000,0.000000,0.000000,0.000000
2025-08-12T17:36:18.282,3.408500,-0.000500,0.000000,0.000000,0.000000,0.000000,0.000000,0.000500
2025-08-12T17:36:18.797,3.407000,0.000000,0.000000,0.000000,0.000000,0.000000,0.000000,0.000500
2025-08-12T17:36:19.312,3.407500,-0.000500,0.000000,0.000000,0.000000,0.000000,0.000000,0.000500
2025-08-12T17:36:19.827,3.401500,-0.000500,-0.000500,0.000000,0.000000,0.000000,0.000000,0.000500
2025-08-12T17:36:20.343,3.403500,0.000000,0.000000,0.000000,0.000000,0.000000,0.000000,0.000500
2025-08-12T17:36:20.852,3.403500,0.000000,0.000000,0.000000,0.000000,0.000000,0.000000,0.000500
2025-08-12T17:36:21.368,3.404000,0.000000,0.000000,0.000000,0.000000,0.000000,0.000000,0.000500
2025-08-12T17:36:21.883,3.404500,-0.000500,0.000000,0.000000,0.000000,0.000000,0.000000,0.000500
2025-08-12T17:36:22.398,3.403500,0.000000,-0.000500,0.000000,0.000000,0.000000,0.000000,0.000000
2025-08-12T17:36:22.913,3.403000,0.000000,0.000000,0.000000,0.000000,0.000000,0.000000,0.000500
2025-08-12T17:36:23.428,3.404000,0.000000,-0.000500,0.000000,0.000000,-0.000500,0.000000,0.000500
2025-08-12T17:36:23.943,3.403500,0.000000,0.000000,0.000000,0.000000,0.000000,0.000000,0.000500
2025-08-12T17:36:24.458,3.404000,-0.000500,0.000000,0.000000,0.000000,0.000000,0.000000,0.000500
2025-08-12T17:36:24.984,3.403500,0.000000,0.000000,0.000000,0.000000,0.000000,0.000000,0.000500
2025-08-12T17:36:25.498,3.403500,-0.000500,0.000000,0.000000,0.000000,0.000000,0.000000,0.000500
2025-08-12T17:36:26.013,3.403500,-0.000500,-0.000500,0.000000,0.000000,0.000000,0.000000,0.000500
2025-08-12T17:36:26.528,3.404000,-0.000500,0.000000,0.000000,0.000000,0.000000,0.000000,0.000500
2025-08-12T17:36:27.043,3.403500,0.000000,0.000000,0.000000,0.000000,0.000000,0.000000,0.000500
2025-08-12T17:36:27.558,3.404000,-0.000500,0.000000,0.000000,0.000000,0.000000,0.000000,0.000000
2025-08-12T17:36:28.073,3.404500,0.000000,0.000000,0.000000,0.000000,0.000000,0.000000,0.000500
2025-08-12T17:36:28.588,3.403000,-0.000500,0.000000,0.000000,0.000000,0.000000,0.000000,0.000000
2025-08-12T17:36:29.103,3.404000,-0.000500,0.000000,0.000000,0.000000,0.000000,0.000000,0.000500
2025-08-12T17:36:29.618,3.403500,-0.000500,0.000000,0.000000,0.000000,0.000000,0.000000,0.000000
2025-08-12T17:36:30.133,3.404500,0.000000,0.000000,0.000000,0.000000,0.000000,0.000000,0.000500
2025-08-12T17:36:30.648,3.403500,-0.000500,-0.000500,0.000000,0.000000,0.000000,0.000000,0.000500
2025-08-12T17:36:31.163,3.403500,-0.000500,0.000000,0.000000,0.000000,0.000000,0.000000,0.000500
2025-08-12T17:36:31.678,3.403500,0.000000,-0.000500,0.000000,0.000000,0.000000,0.000000,0.000500
2025-08-12T17:36:32.193,3.404000,0.000000,-0.000500,0.000000,0.000000,0.000000,-0.000500,0.000500
2025-08-12T17:36:32.708,3.404000,-0.000500,-0.000500,-0.000500,0.000000,0.000000,0.000000,0.000500
2025-08-12T17:36:33.223,3.404000,-0.000500,0.000000,0.000000,0.000000,0.000000,-0.000500,0.000500
2025-08-12T17:36:33.738,3.404500,0.000000,0.000000,0.000000,0.000000,0.000000,0.000000,0.000500
2025-08-12T17:36:34.253,3.408000,-0.000500,0.000000,0.000000,0.000000,0.000000,0.000000,0.000500
2025-08-12T17:36:34.768,3.408000,0.000000,0.000000,0.000000,0.000000,0.000000,0.000000,0.000500
2025-08-12T17:36:35.283,3.407500,0.000000,0.000000,0.000000,0.000000,0.000000,0.000000,0.000500
2025-08-12T17:36:35.798,3.408000,-0.000500,0.000000,0.000000,0.000000,0.000000,0.000000,0.000500
2025-08-12T17:36:36.313,3.408000,-0.000500,0.000000,0.000000,0.000000,0.000000,0.000000,0.000500
2025-08-12T17:36:36.828,3.408000,-0.001000,0.000000,0.000000,0.000000,0.000000,0.000000,0.000500
2025-08-12T17:36:37.338,3.408500,-0.000500,-0.000500,0.000000,0.000000,0.000000,0.000000,0.000000
2025-08-12T17:36:37.853,3.408000,0.000000,0.000000,0.000000,0.000000,0.000000,0.000000,0.000500
2025-08-12T17:36:38.368,3.408000,-0.000500,0.000000,0.000000,0.000000,0.000000,0.000000,0.000500
2025-08-12T17:36:38.883,3.407500,-0.000500,0.000000,-0.000500,0.000000,0.000000,0.000000,0.000500
2025-08-12T17:36:39.398,3.408000,-0.001000,0.000000,0.000000,0.000000,0.000000,-0.000500,0.000500
2025-08-12T17:36:39.913,3.408500,0.000000,0.000000,0.000000,0.000000,0.000000,0.000000,0.000500
2025-08-12T17:36:40.428,3.407500,-0.000500,-0.000500,0.000000,0.000000,0.000000,0.000000,0.000500
2025-08-12T17:36:40.943,3.408000,-0.000500,-0.001000,0.000000,0.000000,0.000000,0.000000,0.000000
2025-08-12T17:36:41.458,3.061000,0.000000,0.000000,0.000000,0.000000,-0.001000,0.000000,0.000500
2025-08-12T17:36:41.973,2.714500,-0.000500,0.000000,-0.000500,0.000000,0.000000,0.000000,0.000500
2025-08-12T17:36:42.488,2.404000,0.000000,0.000000,0.000000,0.000000,0.000000,0.000000,0.000500
2025-08-12T17:36:43.003,2.136000,0.000000,-0.000500,0.000000,0.000000,0.000000,0.000000,0.000500
2025-08-12T17:36:43.518,1.897000,-0.001000,-0.000500,0.000000,0.000000,0.000000,0.000000,0.000000
2025-08-12T17:36:44.033,1.685500,-0.000500,0.000000,0.000000,0.000000,0.000000,0.000000,0.000500
2025-08-12T17:36:44.548,1.493500,-0.000500,0.000000,0.000000,0.000000,0.000000,0.000000,0.000000
2025-08-12T17:36:45.063,1.329000,-0.000500,0.000000,0.000000,0.000000,0.000000,0.000000,0.000500
2025-08-12T17:36:45.578,1.182500,0.000000,0.000000,0.000000,0.000000,0.000000,0.000000,0.000000
2025-08-12T17:36:46.093,1.049000,0.000000,0.000000,0.000000,0.000000,0.000000,0.000000,0.000000
2025-08-12T17:36:46.608,0.936500,0.000000,0.000000,0.000000,0.000000,0.000000,0.000000,0.000500
2025-08-12T17:36:47.123,0.835500,-0.000500,0.000000,0.000000,0.000000,0.000000,0.000000,0.000000
2025-08-12T17:36:47.638,0.745500,0.000000,0.000000,0.000000,0.000000,0.000000,0.000000,0.000500
2025-08-12T17:36:48.153,0.667000,-0.000500,0.000000,0.000000,0.000000,0.000000,0.000000,0.000000
2025-08-12T17:36:48.668,0.597000,0.000000,-0.000500,0.000000,0.000000,0.000000,0.000000,0.000000
2025-08-12T17:36:49.183,0.537000,-0.000500,0.000000,0.000000,0.000000,0.000000,0.000000,0.000000
2025-08-12T17:36:49.698,-0.001000,0.000000,0.000000,-0.000500,0.000000,0.000000,0.000000,0.000500
2025-08-12T17:36:50.213,-0.001000,0.000000,0.000000,0.000000,0.000000,0.000000,0.000000,0.000500
2025-08-12T17:36:50.728,-0.001000,-0.000500,0.000000,0.000000,0.000000,0.000000,0.000000,0.000500
2025-08-12T17:36:51.243,-0.004500,-0.000500,-0.000500,0.000000,0.000000,0.000000,0.000000,0.000500
2025-08-12T17:36:51.758,-0.003000,-0.000500,0.000000,0.000000,0.000000,0.000000,0.000000,0.000000
2025-08-12T17:36:52.273,0.001500,0.000000,0.000000,0.000000,0.000000,0.000000,0.000000,0.000000
2025-08-12T17:36:52.789,-0.003500,-0.000500,0.000000,0.000000,0.000000,0.000000,0.000000,0.000500
2025-08-12T17:36:53.304,-0.001000,-0.001000,0.000000,0.000000,0.000000,0.000000,0.000000,0.000500
2025-08-12T17:36:53.818,-0.010000,-0.000500,0.000000,0.000000,0.000000,0.000000,0.000000,0.000500
2025-08-12T17:36:54.334,0.000500,0.000000,0.000000,0.000000,0.000000,0.000000,0.000000,0.000000
2025-08-12T17:36:54.848,-0.001000,0.000000,0.000000,0.000000,0.000000,0.000000,0.000000,0.000000
2025-08-12T17:36:55.364,-0.001000,0.000000,0.000000,0.000000,0.000000,0.000000,0.000000,0.000500
2025-08-12T17:36:55.879,0.000000,0.000000,0.000000,0.000000,0.000000,0.000000,0.000000,0.000000
2025-08-12T17:36:56.394,-0.001000,-0.000500,0.000000,-0.000500,0.000000,0.000000,0.000000,0.000500
2025-08-12T17:36:56.909,-0.001000,-0.001000,0.000000,0.000000,0.000000,0.000000,0.000000,0.000500
2025-08-12T17:36:57.424,-0.001000,0.000000,0.000000,0.000000,0.000000,0.000000,0.000000,0.000500
2025-08-12T17:36:57.939,0.000000,-0.000500,0.000000,0.000000,0.000000,0.000000,0.000000,0.000000
2025-08-12T17:36:58.454,-0.001000,0.000000,0.000000,0.000000,0.000000,0.000000,0.000000,0.000000
