timestamp,elapsed_seconds,bga1_primary_gas_pct,bga1_secondary_gas_pct,bga1_remaining_gas_pct,bga1_primary_gas_type,bga1_secondary_gas_type,bga1_remaining_gas_type,bga2_primary_gas_pct,bga2_secondary_gas_pct,bga2_remaining_gas_pct,bga2_primary_gas_type,bga2_secondary_gas_type,bga2_remaining_gas_type,bga3_primary_gas_pct,bga3_secondary_gas_pct,bga3_remaining_gas_pct,bga3_primary_gas_type,bga3_secondary_gas_type,bga3_remaining_gas_type,purge_mode
2025-07-07 14:54:52.146,0.0,13.089,86.911,0.0,H2,O2,N2,0.0,0.0,0.0,H2,O2,N2,11.974,88.026,0.0,H2,O2,N2,False
2025-07-07 14:54:53.150,1.005,13.089,86.911,0.0,H2,O2,N2,0.0,0.0,0.0,H2,O2,N2,11.974,88.026,0.0,H2,O2,N2,False
2025-07-07 14:54:54.158,2.013,13.089,86.911,0.0,H2,O2,N2,0.0,0.0,0.0,H2,O2,N2,11.974,88.026,0.0,H2,O2,N2,False
2025-07-07 14:54:55.163,3.018,13.088,86.912,0.0,H2,O2,N2,0.0,0.0,0.0,H2,O2,N2,11.975,88.025,0.0,H2,O2,N2,False
2025-07-07 14:54:56.166,4.021,13.088,86.912,0.0,H2,O2,N2,0.0,0.0,0.0,H2,O2,N2,11.975,88.025,0.0,H2,O2,N2,False
2025-07-07 14:54:57.173,5.028,13.088,86.912,0.0,H2,O2,N2,0.0,0.0,0.0,H2,O2,N2,11.975,88.025,0.0,H2,O2,N2,False
2025-07-07 14:54:58.177,6.032,13.088,86.912,0.0,H2,O2,N2,0.0,0.0,0.0,H2,O2,N2,11.975,88.025,0.0,H2,O2,N2,False
2025-07-07 14:54:59.188,7.042,13.088,86.912,0.0,H2,O2,N2,0.0,0.0,0.0,H2,O2,N2,11.975,88.025,0.0,H2,O2,N2,False
2025-07-07 14:55:00.197,8.052,13.088,86.912,0.0,H2,O2,N2,0.0,0.0,0.0,H2,O2,N2,11.975,88.025,0.0,H2,O2,N2,False
2025-07-07 14:55:01.206,9.06,13.087,86.913,0.0,H2,O2,N2,0.0,0.0,0.0,H2,O2,N2,11.975,88.025,0.0,H2,O2,N2,False
2025-07-07 14:55:02.211,10.066,13.087,86.913,0.0,H2,O2,N2,0.0,0.0,0.0,H2,O2,N2,11.975,88.025,0.0,H2,O2,N2,False
2025-07-07 14:55:03.216,11.071,13.087,86.913,0.0,H2,O2,N2,0.0,0.0,0.0,H2,O2,N2,11.975,88.025,0.0,H2,O2,N2,False
2025-07-07 14:55:04.226,12.081,13.087,86.913,0.0,H2,O2,N2,0.0,0.0,0.0,H2,O2,N2,11.975,88.025,0.0,H2,O2,N2,False
2025-07-07 14:55:05.229,13.083,13.087,86.913,0.0,H2,O2,N2,0.0,0.0,0.0,H2,O2,N2,11.975,88.025,0.0,H2,O2,N2,False
2025-07-07 14:55:06.233,14.088,13.087,86.913,0.0,H2,O2,N2,0.0,0.0,0.0,H2,O2,N2,11.975,88.025,0.0,H2,O2,N2,False
2025-07-07 14:55:07.240,15.095,13.086,86.914,0.0,H2,O2,N2,0.0,0.0,0.0,H2,O2,N2,11.975,88.025,0.0,H2,O2,N2,False
2025-07-07 14:55:08.242,16.096,13.086,86.914,0.0,H2,O2,N2,0.0,0.0,0.0,H2,O2,N2,11.975,88.025,0.0,H2,O2,N2,False
2025-07-07 14:55:09.247,17.101,13.086,86.914,0.0,H2,O2,N2,0.0,0.0,0.0,H2,O2,N2,11.975,88.025,0.0,H2,O2,N2,False
2025-07-07 14:55:10.275,18.13,13.086,86.914,0.0,H2,O2,N2,0.0,0.0,0.0,H2,O2,N2,11.975,88.025,0.0,H2,O2,N2,False
2025-07-07 14:55:11.288,19.143,13.086,86.914,0.0,H2,O2,N2,0.0,0.0,0.0,H2,O2,N2,11.975,88.025,0.0,H2,O2,N2,False
2025-07-07 14:55:12.296,20.15,13.086,86.914,0.0,H2,O2,N2,0.0,0.0,0.0,H2,O2,N2,11.975,88.025,0.0,H2,O2,N2,False
2025-07-07 14:55:13.304,21.159,13.086,86.914,0.0,H2,O2,N2,0.0,0.0,0.0,H2,O2,N2,11.975,88.025,0.0,H2,O2,N2,False
2025-07-07 14:55:14.307,22.161,13.086,86.914,0.0,H2,O2,N2,0.0,0.0,0.0,H2,O2,N2,11.975,88.025,0.0,H2,O2,N2,False
2025-07-07 14:55:15.316,23.17,13.086,86.914,0.0,H2,O2,N2,0.0,0.0,0.0,H2,O2,N2,11.975,88.025,0.0,H2,O2,N2,False
2025-07-07 14:55:16.319,24.174,13.086,86.914,0.0,H2,O2,N2,0.0,0.0,0.0,H2,O2,N2,11.975,88.025,0.0,H2,O2,N2,False
2025-07-07 14:55:17.334,25.189,13.086,86.914,0.0,H2,O2,N2,0.0,0.0,0.0,H2,O2,N2,11.975,88.025,0.0,H2,O2,N2,False
2025-07-07 14:55:18.343,26.197,13.086,86.914,0.0,H2,O2,N2,0.0,0.0,0.0,H2,O2,N2,11.975,88.025,0.0,H2,O2,N2,False
2025-07-07 14:55:19.348,27.203,13.085,86.915,0.0,H2,O2,N2,0.0,0.0,0.0,H2,O2,N2,11.975,88.025,0.0,H2,O2,N2,False
2025-07-07 14:55:20.349,28.204,13.085,86.915,0.0,H2,O2,N2,0.0,0.0,0.0,H2,O2,N2,11.975,88.025,0.0,H2,O2,N2,False
2025-07-07 14:55:21.356,29.211,13.085,86.915,0.0,H2,O2,N2,0.0,0.0,0.0,H2,O2,N2,11.975,88.025,0.0,H2,O2,N2,False
2025-07-07 14:55:22.365,30.22,13.085,86.915,0.0,H2,O2,N2,0.0,0.0,0.0,H2,O2,N2,11.975,88.025,0.0,H2,O2,N2,False
2025-07-07 14:55:23.369,31.223,13.085,86.915,0.0,H2,O2,N2,0.0,0.0,0.0,H2,O2,N2,11.975,88.025,0.0,H2,O2,N2,False
2025-07-07 14:55:24.370,32.224,13.085,86.915,0.0,H2,O2,N2,0.0,0.0,0.0,H2,O2,N2,11.975,88.025,0.0,H2,O2,N2,False
2025-07-07 14:55:25.375,33.229,13.084,86.916,0.0,H2,O2,N2,0.0,0.0,0.0,H2,O2,N2,11.976,88.024,0.0,H2,O2,N2,False
2025-07-07 14:55:26.373,34.228,13.084,86.916,0.0,H2,O2,N2,0.0,0.0,0.0,H2,O2,N2,11.976,88.024,0.0,H2,O2,N2,False
2025-07-07 14:55:27.377,35.232,13.084,86.916,0.0,H2,O2,N2,0.0,0.0,0.0,H2,O2,N2,11.976,88.024,0.0,H2,O2,N2,False
2025-07-07 14:55:28.384,36.239,13.084,86.916,0.0,H2,O2,N2,0.0,0.0,0.0,H2,O2,N2,11.976,88.024,0.0,H2,O2,N2,False
2025-07-07 14:55:29.386,37.24,13.084,86.916,0.0,H2,O2,N2,0.0,0.0,0.0,H2,O2,N2,11.976,88.024,0.0,H2,O2,N2,False
2025-07-07 14:55:30.392,38.246,13.084,86.916,0.0,H2,O2,N2,0.0,0.0,0.0,H2,O2,N2,11.976,88.024,0.0,H2,O2,N2,False
2025-07-07 14:55:31.399,39.254,13.083,86.917,0.0,H2,O2,N2,0.0,0.0,0.0,H2,O2,N2,11.976,88.024,0.0,H2,O2,N2,False
2025-07-07 14:55:32.398,40.252,13.083,86.917,0.0,H2,O2,N2,0.0,0.0,0.0,H2,O2,N2,11.976,88.024,0.0,H2,O2,N2,False
2025-07-07 14:55:33.402,41.257,13.083,86.917,0.0,H2,O2,N2,0.0,0.0,0.0,H2,O2,N2,11.976,88.024,0.0,H2,O2,N2,False
2025-07-07 14:55:34.418,42.273,13.083,86.917,0.0,H2,O2,N2,0.0,0.0,0.0,H2,O2,N2,11.976,88.024,0.0,H2,O2,N2,False
2025-07-07 14:55:35.431,43.285,13.083,86.917,0.0,H2,O2,N2,0.0,0.0,0.0,H2,O2,N2,11.976,88.024,0.0,H2,O2,N2,False
2025-07-07 14:55:36.435,44.29,13.083,86.917,0.0,H2,O2,N2,0.0,0.0,0.0,H2,O2,N2,11.976,88.024,0.0,H2,O2,N2,False
2025-07-07 14:55:37.438,45.293,13.083,86.917,0.0,H2,O2,N2,0.0,0.0,0.0,H2,O2,N2,11.976,88.024,0.0,H2,O2,N2,False
2025-07-07 14:55:38.441,46.296,13.083,86.917,0.0,H2,O2,N2,0.0,0.0,0.0,H2,O2,N2,11.976,88.024,0.0,H2,O2,N2,False
2025-07-07 14:55:39.443,47.298,13.083,86.917,0.0,H2,O2,N2,0.0,0.0,0.0,H2,O2,N2,11.976,88.024,0.0,H2,O2,N2,False
2025-07-07 14:55:40.449,48.304,13.083,86.917,0.0,H2,O2,N2,0.0,0.0,0.0,H2,O2,N2,11.976,88.024,0.0,H2,O2,N2,False
2025-07-07 14:55:41.449,49.304,13.083,86.917,0.0,H2,O2,N2,0.0,0.0,0.0,H2,O2,N2,11.976,88.024,0.0,H2,O2,N2,False
2025-07-07 14:55:42.450,50.305,13.083,86.917,0.0,H2,O2,N2,0.0,0.0,0.0,H2,O2,N2,11.976,88.024,0.0,H2,O2,N2,False
2025-07-07 14:55:43.450,51.305,13.082,86.918,0.0,H2,O2,N2,0.0,0.0,0.0,H2,O2,N2,11.976,88.024,0.0,H2,O2,N2,False
2025-07-07 14:55:44.455,52.309,13.082,86.918,0.0,H2,O2,N2,0.0,0.0,0.0,H2,O2,N2,11.976,88.024,0.0,H2,O2,N2,False
2025-07-07 14:55:45.462,53.317,13.082,86.918,0.0,H2,O2,N2,0.0,0.0,0.0,H2,O2,N2,11.976,88.024,0.0,H2,O2,N2,False
2025-07-07 14:55:46.464,54.319,13.082,86.918,0.0,H2,O2,N2,0.0,0.0,0.0,H2,O2,N2,11.976,88.024,0.0,H2,O2,N2,False
2025-07-07 14:55:47.470,55.325,13.082,86.918,0.0,H2,O2,N2,0.0,0.0,0.0,H2,O2,N2,11.976,88.024,0.0,H2,O2,N2,False
2025-07-07 14:55:48.479,56.333,13.082,86.918,0.0,H2,O2,N2,0.0,0.0,0.0,H2,O2,N2,11.976,88.024,0.0,H2,O2,N2,False
2025-07-07 14:55:49.484,57.339,13.081,86.918,0.0,H2,O2,N2,0.0,0.0,0.0,H2,O2,N2,11.977,88.023,0.0,H2,O2,N2,False
2025-07-07 14:55:50.484,58.339,13.081,86.918,0.0,H2,O2,N2,0.0,0.0,0.0,H2,O2,N2,11.977,88.023,0.0,H2,O2,N2,False
2025-07-07 14:55:51.490,59.345,13.081,86.918,0.0,H2,O2,N2,0.0,0.0,0.0,H2,O2,N2,11.977,88.023,0.0,H2,O2,N2,False
2025-07-07 14:55:52.497,60.352,13.081,86.918,0.0,H2,O2,N2,0.0,0.0,0.0,H2,O2,N2,11.977,88.023,0.0,H2,O2,N2,False
2025-07-07 14:55:53.516,61.371,13.081,86.918,0.0,H2,O2,N2,0.0,0.0,0.0,H2,O2,N2,11.977,88.023,0.0,H2,O2,N2,False
2025-07-07 14:55:54.524,62.379,13.081,86.918,0.0,H2,O2,N2,0.0,0.0,0.0,H2,O2,N2,11.977,88.023,0.0,H2,O2,N2,False
2025-07-07 14:55:55.526,63.381,13.081,86.919,0.0,H2,O2,N2,0.0,0.0,0.0,H2,O2,N2,11.977,88.023,0.0,H2,O2,N2,False
2025-07-07 14:55:56.533,64.388,13.081,86.919,0.0,H2,O2,N2,0.0,0.0,0.0,H2,O2,N2,11.977,88.023,0.0,H2,O2,N2,False
2025-07-07 14:55:57.539,65.394,13.081,86.919,0.0,H2,O2,N2,0.0,0.0,0.0,H2,O2,N2,11.977,88.023,0.0,H2,O2,N2,False
2025-07-07 14:55:58.544,66.398,13.081,86.919,0.0,H2,O2,N2,0.0,0.0,0.0,H2,O2,N2,11.977,88.023,0.0,H2,O2,N2,False
2025-07-07 14:55:59.555,67.41,13.081,86.919,0.0,H2,O2,N2,0.0,0.0,0.0,H2,O2,N2,11.977,88.023,0.0,H2,O2,N2,False
2025-07-07 14:56:00.555,68.41,13.081,86.919,0.0,H2,O2,N2,0.0,0.0,0.0,H2,O2,N2,11.977,88.023,0.0,H2,O2,N2,False
2025-07-07 14:56:01.559,69.413,13.08,86.92,0.0,H2,O2,N2,0.0,0.0,0.0,H2,O2,N2,11.977,88.023,0.0,H2,O2,N2,False
2025-07-07 14:56:02.561,70.416,13.08,86.92,0.0,H2,O2,N2,0.0,0.0,0.0,H2,O2,N2,11.977,88.023,0.0,H2,O2,N2,False
2025-07-07 14:56:03.572,71.427,13.08,86.92,0.0,H2,O2,N2,0.0,0.0,0.0,H2,O2,N2,11.977,88.023,0.0,H2,O2,N2,False
2025-07-07 14:56:04.582,72.436,13.08,86.92,0.0,H2,O2,N2,0.0,0.0,0.0,H2,O2,N2,11.977,88.023,0.0,H2,O2,N2,False
2025-07-07 14:56:05.584,73.438,13.08,86.92,0.0,H2,O2,N2,0.0,0.0,0.0,H2,O2,N2,11.977,88.023,0.0,H2,O2,N2,False
2025-07-07 14:56:06.586,74.44,13.08,86.92,0.0,H2,O2,N2,0.0,0.0,0.0,H2,O2,N2,11.977,88.023,0.0,H2,O2,N2,False
2025-07-07 14:56:07.592,75.447,13.08,86.92,0.0,H2,O2,N2,0.0,0.0,0.0,H2,O2,N2,11.977,88.023,0.0,H2,O2,N2,False
2025-07-07 14:56:08.608,76.463,13.08,86.92,0.0,H2,O2,N2,0.0,0.0,0.0,H2,O2,N2,11.977,88.023,0.0,H2,O2,N2,False
2025-07-07 14:56:09.616,77.471,13.08,86.92,0.0,H2,O2,N2,0.0,0.0,0.0,H2,O2,N2,11.977,88.023,0.0,H2,O2,N2,False
2025-07-07 14:56:10.624,78.479,13.08,86.92,0.0,H2,O2,N2,0.0,0.0,0.0,H2,O2,N2,11.977,88.023,0.0,H2,O2,N2,False
2025-07-07 14:56:11.625,79.48,13.08,86.92,0.0,H2,O2,N2,0.0,0.0,0.0,H2,O2,N2,11.977,88.023,0.0,H2,O2,N2,False
2025-07-07 14:56:12.627,80.482,13.08,86.92,0.0,H2,O2,N2,0.0,0.0,0.0,H2,O2,N2,11.977,88.023,0.0,H2,O2,N2,False
2025-07-07 14:56:13.629,81.484,13.079,86.921,0.0,H2,O2,N2,0.0,0.0,0.0,H2,O2,N2,11.977,88.023,0.0,H2,O2,N2,False
2025-07-07 14:56:14.635,82.49,13.079,86.921,0.0,H2,O2,N2,0.0,0.0,0.0,H2,O2,N2,11.977,88.023,0.0,H2,O2,N2,False
2025-07-07 14:56:15.644,83.498,13.079,86.921,0.0,H2,O2,N2,0.0,0.0,0.0,H2,O2,N2,11.977,88.023,0.0,H2,O2,N2,False
2025-07-07 14:56:16.653,84.507,13.079,86.921,0.0,H2,O2,N2,0.0,0.0,0.0,H2,O2,N2,11.977,88.023,0.0,H2,O2,N2,False
2025-07-07 14:56:17.673,85.528,13.079,86.921,0.0,H2,O2,N2,0.0,0.0,0.0,H2,O2,N2,11.977,88.023,0.0,H2,O2,N2,False
2025-07-07 14:56:18.683,86.538,13.079,86.921,0.0,H2,O2,N2,0.0,0.0,0.0,H2,O2,N2,11.977,88.023,0.0,H2,O2,N2,False
2025-07-07 14:56:19.696,87.551,13.079,86.921,0.0,H2,O2,N2,0.0,0.0,0.0,H2,O2,N2,11.977,88.023,0.0,H2,O2,N2,False
2025-07-07 14:56:20.704,88.558,13.079,86.921,0.0,H2,O2,N2,0.0,0.0,0.0,H2,O2,N2,11.977,88.023,0.0,H2,O2,N2,False
2025-07-07 14:56:21.717,89.572,13.079,86.921,0.0,H2,O2,N2,0.0,0.0,0.0,H2,O2,N2,11.977,88.023,0.0,H2,O2,N2,False
2025-07-07 14:56:22.720,90.575,13.079,86.921,0.0,H2,O2,N2,0.0,0.0,0.0,H2,O2,N2,11.977,88.023,0.0,H2,O2,N2,False
2025-07-07 14:56:23.721,91.576,13.079,86.921,0.0,H2,O2,N2,0.0,0.0,0.0,H2,O2,N2,11.977,88.023,0.0,H2,O2,N2,False
2025-07-07 14:56:24.733,92.587,13.079,86.921,0.0,H2,O2,N2,0.0,0.0,0.0,H2,O2,N2,11.977,88.023,0.0,H2,O2,N2,False
2025-07-07 14:56:25.733,93.587,13.078,86.922,0.0,H2,O2,N2,0.0,0.0,0.0,H2,O2,N2,11.977,88.023,0.0,H2,O2,N2,False
2025-07-07 14:56:26.734,94.589,13.078,86.922,0.0,H2,O2,N2,0.0,0.0,0.0,H2,O2,N2,11.977,88.023,0.0,H2,O2,N2,False
2025-07-07 14:56:27.743,95.597,13.078,86.922,0.0,H2,O2,N2,0.0,0.0,0.0,H2,O2,N2,11.977,88.023,0.0,H2,O2,N2,False
2025-07-07 14:56:28.755,96.609,13.078,86.922,0.0,H2,O2,N2,0.0,0.0,0.0,H2,O2,N2,11.977,88.023,0.0,H2,O2,N2,False
2025-07-07 14:56:29.772,97.627,13.078,86.922,0.0,H2,O2,N2,0.0,0.0,0.0,H2,O2,N2,11.977,88.023,0.0,H2,O2,N2,False
2025-07-07 14:56:30.774,98.629,13.078,86.922,0.0,H2,O2,N2,0.0,0.0,0.0,H2,O2,N2,11.977,88.023,0.0,H2,O2,N2,False
2025-07-07 14:56:31.779,99.634,13.078,86.922,0.0,H2,O2,N2,0.0,0.0,0.0,H2,O2,N2,11.977,88.023,0.0,H2,O2,N2,False
2025-07-07 14:56:32.795,100.649,13.078,86.922,0.0,H2,O2,N2,0.0,0.0,0.0,H2,O2,N2,11.977,88.023,0.0,H2,O2,N2,False
2025-07-07 14:56:33.806,101.66,13.078,86.922,0.0,H2,O2,N2,0.0,0.0,0.0,H2,O2,N2,11.977,88.023,0.0,H2,O2,N2,False
2025-07-07 14:56:34.810,102.665,13.078,86.922,0.0,H2,O2,N2,0.0,0.0,0.0,H2,O2,N2,11.977,88.023,0.0,H2,O2,N2,False
2025-07-07 14:56:35.815,103.67,13.078,86.922,0.0,H2,O2,N2,0.0,0.0,0.0,H2,O2,N2,11.977,88.023,0.0,H2,O2,N2,False
2025-07-07 14:56:36.825,104.68,13.078,86.922,0.0,H2,O2,N2,0.0,0.0,0.0,H2,O2,N2,11.977,88.023,0.0,H2,O2,N2,False
2025-07-07 14:56:37.834,105.688,13.077,86.923,0.0,H2,O2,N2,0.0,0.0,0.0,H2,O2,N2,11.978,88.022,0.0,H2,O2,N2,False
2025-07-07 14:56:38.839,106.694,13.077,86.923,0.0,H2,O2,N2,0.0,0.0,0.0,H2,O2,N2,11.978,88.022,0.0,H2,O2,N2,False
2025-07-07 14:56:39.849,107.703,13.077,86.923,0.0,H2,O2,N2,0.0,0.0,0.0,H2,O2,N2,11.978,88.022,0.0,H2,O2,N2,False
2025-07-07 14:56:40.850,108.705,13.077,86.923,0.0,H2,O2,N2,0.0,0.0,0.0,H2,O2,N2,11.978,88.022,0.0,H2,O2,N2,False
2025-07-07 14:56:41.855,109.71,13.077,86.923,0.0,H2,O2,N2,0.0,0.0,0.0,H2,O2,N2,11.978,88.022,0.0,H2,O2,N2,False
2025-07-07 14:56:42.865,110.72,13.077,86.923,0.0,H2,O2,N2,0.0,0.0,0.0,H2,O2,N2,11.978,88.022,0.0,H2,O2,N2,False
2025-07-07 14:56:43.869,111.724,13.077,86.923,0.0,H2,O2,N2,0.0,0.0,0.0,H2,O2,N2,11.978,88.022,0.0,H2,O2,N2,False
2025-07-07 14:56:44.878,112.733,13.077,86.923,0.0,H2,O2,N2,0.0,0.0,0.0,H2,O2,N2,11.978,88.022,0.0,H2,O2,N2,False
2025-07-07 14:56:45.890,113.744,13.077,86.923,0.0,H2,O2,N2,0.0,0.0,0.0,H2,O2,N2,11.978,88.022,0.0,H2,O2,N2,False
2025-07-07 14:56:46.903,114.758,13.077,86.923,0.0,H2,O2,N2,0.0,0.0,0.0,H2,O2,N2,11.978,88.022,0.0,H2,O2,N2,False
2025-07-07 14:56:47.910,115.765,13.077,86.923,0.0,H2,O2,N2,0.0,0.0,0.0,H2,O2,N2,11.978,88.022,0.0,H2,O2,N2,False
2025-07-07 14:56:48.917,116.771,13.077,86.923,0.0,H2,O2,N2,0.0,0.0,0.0,H2,O2,N2,11.978,88.022,0.0,H2,O2,N2,False
2025-07-07 14:56:49.924,117.779,13.077,86.923,0.0,H2,O2,N2,0.0,0.0,0.0,H2,O2,N2,11.978,88.022,0.0,H2,O2,N2,False
2025-07-07 14:56:50.929,118.784,13.077,86.923,0.0,H2,O2,N2,0.0,0.0,0.0,H2,O2,N2,11.978,88.022,0.0,H2,O2,N2,False
2025-07-07 14:56:51.937,119.792,13.077,86.923,0.0,H2,O2,N2,0.0,0.0,0.0,H2,O2,N2,11.978,88.022,0.0,H2,O2,N2,False
2025-07-07 14:56:52.950,120.805,13.077,86.923,0.0,H2,O2,N2,0.0,0.0,0.0,H2,O2,N2,11.978,88.022,0.0,H2,O2,N2,False
2025-07-07 14:56:53.953,121.807,13.077,86.923,0.0,H2,O2,N2,0.0,0.0,0.0,H2,O2,N2,11.978,88.022,0.0,H2,O2,N2,False
2025-07-07 14:56:54.964,122.818,13.077,86.923,0.0,H2,O2,N2,0.0,0.0,0.0,H2,O2,N2,11.978,88.022,0.0,H2,O2,N2,False
2025-07-07 14:56:55.969,123.824,13.076,86.924,0.0,H2,O2,N2,0.0,0.0,0.0,H2,O2,N2,11.978,88.022,0.0,H2,O2,N2,False
2025-07-07 14:56:56.983,124.837,13.076,86.924,0.0,H2,O2,N2,0.0,0.0,0.0,H2,O2,N2,11.978,88.022,0.0,H2,O2,N2,False
2025-07-07 14:56:57.993,125.848,13.076,86.924,0.0,H2,O2,N2,0.0,0.0,0.0,H2,O2,N2,11.978,88.022,0.0,H2,O2,N2,False
2025-07-07 14:56:59.007,126.861,13.076,86.924,0.0,H2,O2,N2,0.0,0.0,0.0,H2,O2,N2,11.978,88.022,0.0,H2,O2,N2,False
2025-07-07 14:57:00.003,127.857,13.076,86.924,0.0,H2,O2,N2,0.0,0.0,0.0,H2,O2,N2,11.978,88.022,0.0,H2,O2,N2,False
2025-07-07 14:57:01.015,128.87,13.076,86.924,0.0,H2,O2,N2,0.0,0.0,0.0,H2,O2,N2,11.978,88.022,0.0,H2,O2,N2,False
2025-07-07 14:57:02.013,129.868,13.076,86.924,0.0,H2,O2,N2,0.0,0.0,0.0,H2,O2,N2,11.978,88.022,0.0,H2,O2,N2,False
2025-07-07 14:57:03.033,130.888,13.076,86.924,0.0,H2,O2,N2,0.0,0.0,0.0,H2,O2,N2,11.978,88.022,0.0,H2,O2,N2,False
2025-07-07 14:57:04.042,131.897,13.076,86.924,0.0,H2,O2,N2,0.0,0.0,0.0,H2,O2,N2,11.978,88.022,0.0,H2,O2,N2,False
2025-07-07 14:57:05.056,132.911,13.076,86.924,0.0,H2,O2,N2,0.0,0.0,0.0,H2,O2,N2,11.978,88.022,0.0,H2,O2,N2,False
2025-07-07 14:57:06.060,133.915,13.076,86.924,0.0,H2,O2,N2,0.0,0.0,0.0,H2,O2,N2,11.978,88.022,0.0,H2,O2,N2,False
2025-07-07 14:57:07.065,134.919,13.076,86.924,0.0,H2,O2,N2,0.0,0.0,0.0,H2,O2,N2,11.978,88.022,0.0,H2,O2,N2,False
2025-07-07 14:57:08.067,135.921,13.076,86.924,0.0,H2,O2,N2,0.0,0.0,0.0,H2,O2,N2,11.979,88.021,0.0,H2,O2,N2,False
2025-07-07 14:57:09.071,136.925,13.076,86.924,0.0,H2,O2,N2,0.0,0.0,0.0,H2,O2,N2,11.979,88.021,0.0,H2,O2,N2,False
2025-07-07 14:57:10.077,137.932,13.076,86.924,0.0,H2,O2,N2,0.0,0.0,0.0,H2,O2,N2,11.979,88.021,0.0,H2,O2,N2,False
2025-07-07 14:57:11.086,138.941,13.076,86.924,0.0,H2,O2,N2,0.0,0.0,0.0,H2,O2,N2,11.979,88.021,0.0,H2,O2,N2,False
2025-07-07 14:57:12.099,139.953,13.076,86.924,0.0,H2,O2,N2,0.0,0.0,0.0,H2,O2,N2,11.979,88.021,0.0,H2,O2,N2,False
2025-07-07 14:57:13.118,140.973,13.076,86.924,0.0,H2,O2,N2,0.0,0.0,0.0,H2,O2,N2,11.979,88.021,0.0,H2,O2,N2,False
2025-07-07 14:57:14.120,141.974,13.075,86.925,0.0,H2,O2,N2,0.0,0.0,0.0,H2,O2,N2,11.979,88.021,0.0,H2,O2,N2,False
2025-07-07 14:57:15.137,142.992,13.075,86.925,0.0,H2,O2,N2,0.0,0.0,0.0,H2,O2,N2,11.979,88.021,0.0,H2,O2,N2,False
2025-07-07 14:57:16.150,144.005,13.075,86.925,0.0,H2,O2,N2,0.0,0.0,0.0,H2,O2,N2,11.979,88.021,0.0,H2,O2,N2,False
2025-07-07 14:57:17.149,145.004,13.075,86.925,0.0,H2,O2,N2,0.0,0.0,0.0,H2,O2,N2,11.979,88.021,0.0,H2,O2,N2,False
2025-07-07 14:57:18.152,146.006,13.075,86.925,0.0,H2,O2,N2,0.0,0.0,0.0,H2,O2,N2,11.979,88.021,0.0,H2,O2,N2,False
2025-07-07 14:57:19.159,147.014,13.075,86.925,0.0,H2,O2,N2,0.0,0.0,0.0,H2,O2,N2,11.979,88.021,0.0,H2,O2,N2,False
2025-07-07 14:57:20.181,148.036,13.075,86.925,0.0,H2,O2,N2,0.0,0.0,0.0,H2,O2,N2,11.979,88.021,0.0,H2,O2,N2,False
2025-07-07 14:57:21.187,149.042,13.075,86.925,0.0,H2,O2,N2,0.0,0.0,0.0,H2,O2,N2,11.979,88.021,0.0,H2,O2,N2,False
2025-07-07 14:57:22.197,150.051,13.075,86.925,0.0,H2,O2,N2,0.0,0.0,0.0,H2,O2,N2,11.979,88.021,0.0,H2,O2,N2,False
2025-07-07 14:57:23.201,151.055,13.075,86.925,0.0,H2,O2,N2,0.0,0.0,0.0,H2,O2,N2,11.979,88.021,0.0,H2,O2,N2,False
2025-07-07 14:57:24.215,152.069,13.075,86.925,0.0,H2,O2,N2,0.0,0.0,0.0,H2,O2,N2,11.979,88.021,0.0,H2,O2,N2,False
2025-07-07 14:57:25.221,153.076,13.075,86.925,0.0,H2,O2,N2,0.0,0.0,0.0,H2,O2,N2,11.979,88.021,0.0,H2,O2,N2,False
2025-07-07 14:57:26.231,154.085,13.075,86.925,0.0,H2,O2,N2,0.0,0.0,0.0,H2,O2,N2,11.979,88.021,0.0,H2,O2,N2,False
2025-07-07 14:57:27.237,155.092,13.075,86.925,0.0,H2,O2,N2,0.0,0.0,0.0,H2,O2,N2,11.979,88.021,0.0,H2,O2,N2,False
2025-07-07 14:57:28.247,156.101,13.075,86.925,0.0,H2,O2,N2,0.0,0.0,0.0,H2,O2,N2,11.979,88.021,0.0,H2,O2,N2,False
2025-07-07 14:57:29.264,157.118,13.075,86.925,0.0,H2,O2,N2,0.0,0.0,0.0,H2,O2,N2,11.979,88.021,0.0,H2,O2,N2,False
2025-07-07 14:57:30.275,158.129,13.075,86.925,0.0,H2,O2,N2,0.0,0.0,0.0,H2,O2,N2,11.979,88.021,0.0,H2,O2,N2,False
2025-07-07 14:57:31.283,159.137,13.075,86.925,0.0,H2,O2,N2,0.0,0.0,0.0,H2,O2,N2,11.979,88.021,0.0,H2,O2,N2,False
2025-07-07 14:57:32.298,160.152,13.075,86.925,0.0,H2,O2,N2,0.0,0.0,0.0,H2,O2,N2,11.979,88.021,0.0,H2,O2,N2,False
2025-07-07 14:57:33.307,161.161,13.075,86.925,0.0,H2,O2,N2,0.0,0.0,0.0,H2,O2,N2,11.979,88.021,0.0,H2,O2,N2,False
2025-07-07 14:57:34.314,162.169,13.075,86.925,0.0,H2,O2,N2,0.0,0.0,0.0,H2,O2,N2,11.979,88.021,0.0,H2,O2,N2,False
2025-07-07 14:57:35.324,163.178,13.075,86.925,0.0,H2,O2,N2,0.0,0.0,0.0,H2,O2,N2,11.979,88.021,0.0,H2,O2,N2,False
2025-07-07 14:57:36.330,164.184,13.075,86.925,0.0,H2,O2,N2,0.0,0.0,0.0,H2,O2,N2,11.979,88.021,0.0,H2,O2,N2,False
2025-07-07 14:57:37.339,165.193,13.075,86.925,0.0,H2,O2,N2,0.0,0.0,0.0,H2,O2,N2,11.979,88.021,0.0,H2,O2,N2,False
2025-07-07 14:57:38.360,166.215,13.074,86.926,0.0,H2,O2,N2,0.0,0.0,0.0,H2,O2,N2,11.979,88.021,0.0,H2,O2,N2,False
2025-07-07 14:57:39.363,167.218,13.074,86.926,0.0,H2,O2,N2,0.0,0.0,0.0,H2,O2,N2,11.979,88.021,0.0,H2,O2,N2,False
2025-07-07 14:57:40.373,168.227,13.074,86.926,0.0,H2,O2,N2,0.0,0.0,0.0,H2,O2,N2,11.979,88.021,0.0,H2,O2,N2,False
2025-07-07 14:57:41.378,169.232,13.074,86.926,0.0,H2,O2,N2,0.0,0.0,0.0,H2,O2,N2,11.979,88.021,0.0,H2,O2,N2,False
2025-07-07 14:57:42.379,170.233,13.074,86.926,0.0,H2,O2,N2,0.0,0.0,0.0,H2,O2,N2,11.979,88.021,0.0,H2,O2,N2,False
2025-07-07 14:57:43.387,171.242,13.074,86.926,0.0,H2,O2,N2,0.0,0.0,0.0,H2,O2,N2,11.979,88.021,0.0,H2,O2,N2,False
2025-07-07 14:57:44.402,172.256,13.074,86.926,0.0,H2,O2,N2,0.0,0.0,0.0,H2,O2,N2,11.98,88.02,0.0,H2,O2,N2,False
2025-07-07 14:57:45.447,173.301,13.074,86.926,0.0,H2,O2,N2,0.0,0.0,0.0,H2,O2,N2,11.98,88.02,0.0,H2,O2,N2,False
2025-07-07 14:57:46.452,174.306,13.074,86.926,0.0,H2,O2,N2,0.0,0.0,0.0,H2,O2,N2,11.98,88.02,0.0,H2,O2,N2,False
2025-07-07 14:57:47.456,175.311,13.074,86.926,0.0,H2,O2,N2,0.0,0.0,0.0,H2,O2,N2,11.98,88.02,0.0,H2,O2,N2,False
2025-07-07 14:57:48.460,176.314,13.074,86.926,0.0,H2,O2,N2,0.0,0.0,0.0,H2,O2,N2,11.98,88.02,0.0,H2,O2,N2,False
2025-07-07 14:57:49.475,177.329,13.074,86.926,0.0,H2,O2,N2,0.0,0.0,0.0,H2,O2,N2,11.98,88.02,0.0,H2,O2,N2,False
2025-07-07 14:57:50.484,178.339,13.074,86.926,0.0,H2,O2,N2,0.0,0.0,0.0,H2,O2,N2,11.979,88.021,0.0,H2,O2,N2,False
2025-07-07 14:57:51.493,179.347,13.074,86.926,0.0,H2,O2,N2,0.0,0.0,0.0,H2,O2,N2,11.979,88.021,0.0,H2,O2,N2,False
2025-07-07 14:57:52.494,180.349,13.074,86.926,0.0,H2,O2,N2,0.0,0.0,0.0,H2,O2,N2,11.979,88.021,0.0,H2,O2,N2,False
2025-07-07 14:57:53.503,181.358,13.074,86.926,0.0,H2,O2,N2,0.0,0.0,0.0,H2,O2,N2,11.979,88.021,0.0,H2,O2,N2,False
2025-07-07 14:57:54.516,182.37,13.074,86.926,0.0,H2,O2,N2,0.0,0.0,0.0,H2,O2,N2,11.979,88.021,0.0,H2,O2,N2,False
2025-07-07 14:57:55.526,183.381,13.074,86.926,0.0,H2,O2,N2,0.0,0.0,0.0,H2,O2,N2,11.979,88.021,0.0,H2,O2,N2,False
2025-07-07 14:57:56.522,184.377,13.074,86.926,0.0,H2,O2,N2,0.0,0.0,0.0,H2,O2,N2,11.98,88.02,0.0,H2,O2,N2,False
2025-07-07 14:57:57.534,185.389,13.074,86.926,0.0,H2,O2,N2,0.0,0.0,0.0,H2,O2,N2,11.98,88.02,0.0,H2,O2,N2,False
2025-07-07 14:57:58.537,186.392,13.074,86.926,0.0,H2,O2,N2,0.0,0.0,0.0,H2,O2,N2,11.98,88.02,0.0,H2,O2,N2,False
2025-07-07 14:57:59.541,187.396,13.074,86.926,0.0,H2,O2,N2,0.0,0.0,0.0,H2,O2,N2,11.98,88.02,0.0,H2,O2,N2,False
2025-07-07 14:58:00.550,188.405,13.074,86.926,0.0,H2,O2,N2,0.0,0.0,0.0,H2,O2,N2,11.98,88.02,0.0,H2,O2,N2,False
2025-07-07 14:58:01.561,189.415,13.074,86.926,0.0,H2,O2,N2,0.0,0.0,0.0,H2,O2,N2,11.98,88.02,0.0,H2,O2,N2,False
2025-07-07 14:58:02.564,190.419,13.074,86.926,0.0,H2,O2,N2,0.0,0.0,0.0,H2,O2,N2,11.979,88.021,0.0,H2,O2,N2,False
2025-07-07 14:58:03.565,191.42,13.074,86.926,0.0,H2,O2,N2,0.0,0.0,0.0,H2,O2,N2,11.979,88.021,0.0,H2,O2,N2,False
2025-07-07 14:58:04.572,192.427,13.074,86.926,0.0,H2,O2,N2,0.0,0.0,0.0,H2,O2,N2,11.979,88.021,0.0,H2,O2,N2,False
2025-07-07 14:58:05.579,193.434,13.074,86.926,0.0,H2,O2,N2,0.0,0.0,0.0,H2,O2,N2,11.979,88.021,0.0,H2,O2,N2,False
2025-07-07 14:58:06.582,194.437,13.074,86.926,0.0,H2,O2,N2,0.0,0.0,0.0,H2,O2,N2,11.979,88.021,0.0,H2,O2,N2,False
2025-07-07 14:58:07.593,195.448,13.074,86.926,0.0,H2,O2,N2,0.0,0.0,0.0,H2,O2,N2,11.979,88.021,0.0,H2,O2,N2,False
2025-07-07 14:58:08.594,196.449,13.074,86.926,0.0,H2,O2,N2,0.0,0.0,0.0,H2,O2,N2,11.98,88.02,0.0,H2,O2,N2,False
2025-07-07 14:58:09.604,197.459,13.074,86.926,0.0,H2,O2,N2,0.0,0.0,0.0,H2,O2,N2,11.98,88.02,0.0,H2,O2,N2,False
2025-07-07 14:58:10.606,198.461,13.074,86.926,0.0,H2,O2,N2,0.0,0.0,0.0,H2,O2,N2,11.98,88.02,0.0,H2,O2,N2,False
2025-07-07 14:58:11.612,199.467,13.074,86.926,0.0,H2,O2,N2,0.0,0.0,0.0,H2,O2,N2,11.98,88.02,0.0,H2,O2,N2,False
2025-07-07 14:58:12.618,200.473,13.074,86.926,0.0,H2,O2,N2,0.0,0.0,0.0,H2,O2,N2,11.98,88.02,0.0,H2,O2,N2,False
2025-07-07 14:58:13.620,201.475,13.074,86.926,0.0,H2,O2,N2,0.0,0.0,0.0,H2,O2,N2,11.98,88.02,0.0,H2,O2,N2,False
2025-07-07 14:58:14.622,202.477,13.074,86.927,0.0,H2,O2,N2,0.0,0.0,0.0,H2,O2,N2,11.98,88.02,0.0,H2,O2,N2,False
2025-07-07 14:58:15.628,203.482,13.074,86.927,0.0,H2,O2,N2,0.0,0.0,0.0,H2,O2,N2,11.98,88.02,0.0,H2,O2,N2,False
2025-07-07 14:58:16.634,204.488,13.074,86.927,0.0,H2,O2,N2,0.0,0.0,0.0,H2,O2,N2,11.98,88.02,0.0,H2,O2,N2,False
2025-07-07 14:58:17.644,205.499,13.074,86.927,0.0,H2,O2,N2,0.0,0.0,0.0,H2,O2,N2,11.98,88.02,0.0,H2,O2,N2,False
2025-07-07 14:58:18.653,206.508,13.074,86.927,0.0,H2,O2,N2,0.0,0.0,0.0,H2,O2,N2,11.98,88.02,0.0,H2,O2,N2,False
2025-07-07 14:58:19.655,207.509,13.074,86.927,0.0,H2,O2,N2,0.0,0.0,0.0,H2,O2,N2,11.98,88.02,0.0,H2,O2,N2,False
2025-07-07 14:58:20.675,208.529,13.073,86.927,0.0,H2,O2,N2,0.0,0.0,0.0,H2,O2,N2,11.98,88.02,0.0,H2,O2,N2,False
2025-07-07 14:58:21.688,209.543,13.073,86.927,0.0,H2,O2,N2,0.0,0.0,0.0,H2,O2,N2,11.98,88.02,0.0,H2,O2,N2,False
2025-07-07 14:58:22.695,210.55,13.073,86.927,0.0,H2,O2,N2,0.0,0.0,0.0,H2,O2,N2,11.98,88.02,0.0,H2,O2,N2,False
2025-07-07 14:58:23.697,211.552,13.073,86.927,0.0,H2,O2,N2,0.0,0.0,0.0,H2,O2,N2,11.98,88.02,0.0,H2,O2,N2,False
2025-07-07 14:58:24.700,212.554,13.073,86.927,0.0,H2,O2,N2,0.0,0.0,0.0,H2,O2,N2,11.98,88.02,0.0,H2,O2,N2,False
2025-07-07 14:58:25.710,213.565,13.073,86.927,0.0,H2,O2,N2,0.0,0.0,0.0,H2,O2,N2,11.98,88.02,0.0,H2,O2,N2,False
2025-07-07 14:58:26.715,214.569,13.073,86.927,0.0,H2,O2,N2,0.0,0.0,0.0,H2,O2,N2,11.98,88.02,0.0,H2,O2,N2,False
2025-07-07 14:58:27.718,215.572,13.073,86.927,0.0,H2,O2,N2,0.0,0.0,0.0,H2,O2,N2,11.98,88.02,0.0,H2,O2,N2,False
2025-07-07 14:58:28.720,216.575,13.073,86.927,0.0,H2,O2,N2,0.0,0.0,0.0,H2,O2,N2,11.98,88.02,0.0,H2,O2,N2,False
2025-07-07 14:58:29.729,217.584,13.073,86.927,0.0,H2,O2,N2,0.0,0.0,0.0,H2,O2,N2,11.98,88.02,0.0,H2,O2,N2,False
2025-07-07 14:58:30.738,218.593,13.073,86.927,0.0,H2,O2,N2,0.0,0.0,0.0,H2,O2,N2,11.98,88.02,0.0,H2,O2,N2,False
2025-07-07 14:58:31.750,219.605,13.073,86.927,0.0,H2,O2,N2,0.0,0.0,0.0,H2,O2,N2,11.98,88.02,0.0,H2,O2,N2,False
2025-07-07 14:58:32.759,220.614,13.073,86.927,0.0,H2,O2,N2,0.0,0.0,0.0,H2,O2,N2,11.98,88.02,0.0,H2,O2,N2,False
2025-07-07 14:58:33.766,221.62,13.073,86.927,0.0,H2,O2,N2,0.0,0.0,0.0,H2,O2,N2,11.98,88.02,0.0,H2,O2,N2,False
2025-07-07 14:58:34.772,222.627,13.073,86.927,0.0,H2,O2,N2,0.0,0.0,0.0,H2,O2,N2,11.98,88.02,0.0,H2,O2,N2,False
2025-07-07 14:58:35.773,223.628,13.073,86.927,0.0,H2,O2,N2,0.0,0.0,0.0,H2,O2,N2,11.98,88.02,0.0,H2,O2,N2,False
2025-07-07 14:58:36.779,224.634,13.073,86.927,0.0,H2,O2,N2,0.0,0.0,0.0,H2,O2,N2,11.98,88.02,0.0,H2,O2,N2,False
2025-07-07 14:58:37.789,225.644,13.073,86.927,0.0,H2,O2,N2,0.0,0.0,0.0,H2,O2,N2,11.98,88.02,0.0,H2,O2,N2,False
2025-07-07 14:58:38.797,226.651,13.073,86.927,0.0,H2,O2,N2,0.0,0.0,0.0,H2,O2,N2,11.98,88.02,0.0,H2,O2,N2,False
2025-07-07 14:58:39.806,227.66,13.073,86.927,0.0,H2,O2,N2,0.0,0.0,0.0,H2,O2,N2,11.98,88.02,0.0,H2,O2,N2,False
2025-07-07 14:58:40.816,228.67,13.073,86.927,0.0,H2,O2,N2,0.0,0.0,0.0,H2,O2,N2,11.98,88.02,0.0,H2,O2,N2,False
2025-07-07 14:58:41.854,229.709,13.073,86.927,0.0,H2,O2,N2,0.0,0.0,0.0,H2,O2,N2,11.98,88.02,0.0,H2,O2,N2,False
2025-07-07 14:58:42.862,230.716,13.073,86.927,0.0,H2,O2,N2,0.0,0.0,0.0,H2,O2,N2,11.98,88.02,0.0,H2,O2,N2,False
2025-07-07 14:58:43.873,231.727,13.073,86.927,0.0,H2,O2,N2,0.0,0.0,0.0,H2,O2,N2,11.98,88.02,0.0,H2,O2,N2,False
2025-07-07 14:58:44.878,232.732,13.073,86.927,0.0,H2,O2,N2,0.0,0.0,0.0,H2,O2,N2,11.98,88.02,0.0,H2,O2,N2,False
2025-07-07 14:58:45.890,233.745,13.073,86.927,0.0,H2,O2,N2,0.0,0.0,0.0,H2,O2,N2,11.98,88.02,0.0,H2,O2,N2,False
2025-07-07 14:58:46.898,234.752,13.073,86.927,0.0,H2,O2,N2,0.0,0.0,0.0,H2,O2,N2,11.98,88.02,0.0,H2,O2,N2,False
2025-07-07 14:58:47.900,235.755,13.073,86.927,0.0,H2,O2,N2,0.0,0.0,0.0,H2,O2,N2,11.98,88.02,0.0,H2,O2,N2,False
2025-07-07 14:58:48.911,236.765,13.073,86.927,0.0,H2,O2,N2,0.0,0.0,0.0,H2,O2,N2,11.98,88.02,0.0,H2,O2,N2,False
2025-07-07 14:58:49.920,237.774,13.073,86.927,0.0,H2,O2,N2,0.0,0.0,0.0,H2,O2,N2,11.98,88.02,0.0,H2,O2,N2,False
2025-07-07 14:58:50.919,238.774,13.073,86.927,0.0,H2,O2,N2,0.0,0.0,0.0,H2,O2,N2,11.98,88.02,0.0,H2,O2,N2,False
2025-07-07 14:58:51.936,239.791,13.073,86.927,0.0,H2,O2,N2,0.0,0.0,0.0,H2,O2,N2,11.98,88.02,0.0,H2,O2,N2,False
2025-07-07 14:58:52.939,240.794,13.073,86.927,0.0,H2,O2,N2,0.0,0.0,0.0,H2,O2,N2,11.98,88.02,0.0,H2,O2,N2,False
2025-07-07 14:58:53.947,241.802,13.073,86.927,0.0,H2,O2,N2,0.0,0.0,0.0,H2,O2,N2,11.98,88.02,0.0,H2,O2,N2,False
2025-07-07 14:58:54.964,242.819,13.073,86.927,0.0,H2,O2,N2,0.0,0.0,0.0,H2,O2,N2,11.98,88.02,0.0,H2,O2,N2,False
2025-07-07 14:58:55.973,243.828,13.073,86.927,0.0,H2,O2,N2,0.0,0.0,0.0,H2,O2,N2,11.98,88.02,0.0,H2,O2,N2,False
2025-07-07 14:58:56.972,244.827,13.073,86.927,0.0,H2,O2,N2,0.0,0.0,0.0,H2,O2,N2,11.98,88.02,0.0,H2,O2,N2,False
2025-07-07 14:58:57.977,245.832,13.073,86.927,0.0,H2,O2,N2,0.0,0.0,0.0,H2,O2,N2,11.98,88.02,0.0,H2,O2,N2,False
2025-07-07 14:58:58.989,246.844,13.073,86.927,0.0,H2,O2,N2,0.0,0.0,0.0,H2,O2,N2,11.98,88.02,0.0,H2,O2,N2,False
2025-07-07 14:58:59.999,247.853,13.073,86.927,0.0,H2,O2,N2,0.0,0.0,0.0,H2,O2,N2,11.98,88.02,0.0,H2,O2,N2,False
2025-07-07 14:59:01.001,248.855,13.073,86.927,0.0,H2,O2,N2,0.0,0.0,0.0,H2,O2,N2,11.98,88.02,0.0,H2,O2,N2,False
2025-07-07 14:59:02.008,249.862,13.073,86.927,0.0,H2,O2,N2,0.0,0.0,0.0,H2,O2,N2,11.98,88.02,0.0,H2,O2,N2,False
2025-07-07 14:59:03.018,250.872,13.073,86.928,0.0,H2,O2,N2,0.0,0.0,0.0,H2,O2,N2,11.98,88.02,0.0,H2,O2,N2,False
2025-07-07 14:59:04.022,251.877,13.073,86.928,0.0,H2,O2,N2,0.0,0.0,0.0,H2,O2,N2,11.98,88.02,0.0,H2,O2,N2,False
2025-07-07 14:59:05.032,252.886,13.073,86.928,0.0,H2,O2,N2,0.0,0.0,0.0,H2,O2,N2,11.98,88.02,0.0,H2,O2,N2,False
2025-07-07 14:59:06.032,253.887,13.073,86.928,0.0,H2,O2,N2,0.0,0.0,0.0,H2,O2,N2,11.98,88.02,0.0,H2,O2,N2,False
2025-07-07 14:59:07.041,254.896,13.073,86.928,0.0,H2,O2,N2,0.0,0.0,0.0,H2,O2,N2,11.98,88.02,0.0,H2,O2,N2,False
2025-07-07 14:59:08.044,255.899,13.073,86.928,0.0,H2,O2,N2,0.0,0.0,0.0,H2,O2,N2,11.98,88.02,0.0,H2,O2,N2,False
2025-07-07 14:59:09.054,256.909,13.072,86.928,0.0,H2,O2,N2,0.0,0.0,0.0,H2,O2,N2,11.98,88.02,0.0,H2,O2,N2,False
2025-07-07 14:59:10.066,257.921,13.072,86.928,0.0,H2,O2,N2,0.0,0.0,0.0,H2,O2,N2,11.98,88.02,0.0,H2,O2,N2,False
2025-07-07 14:59:11.070,258.924,13.072,86.928,0.0,H2,O2,N2,0.0,0.0,0.0,H2,O2,N2,11.98,88.02,0.0,H2,O2,N2,False
2025-07-07 14:59:12.080,259.935,13.072,86.928,0.0,H2,O2,N2,0.0,0.0,0.0,H2,O2,N2,11.98,88.02,0.0,H2,O2,N2,False
2025-07-07 14:59:13.084,260.939,13.072,86.928,0.0,H2,O2,N2,0.0,0.0,0.0,H2,O2,N2,11.98,88.02,0.0,H2,O2,N2,False
2025-07-07 14:59:14.092,261.947,13.072,86.928,0.0,H2,O2,N2,0.0,0.0,0.0,H2,O2,N2,11.98,88.02,0.0,H2,O2,N2,False
2025-07-07 14:59:15.098,262.953,13.072,86.928,0.0,H2,O2,N2,0.0,0.0,0.0,H2,O2,N2,11.98,88.02,0.0,H2,O2,N2,False
2025-07-07 14:59:16.120,263.974,13.072,86.928,0.0,H2,O2,N2,0.0,0.0,0.0,H2,O2,N2,11.98,88.02,0.0,H2,O2,N2,False
2025-07-07 14:59:17.130,264.985,13.072,86.928,0.0,H2,O2,N2,0.0,0.0,0.0,H2,O2,N2,11.98,88.02,0.0,H2,O2,N2,False
2025-07-07 14:59:18.133,265.987,13.072,86.928,0.0,H2,O2,N2,0.0,0.0,0.0,H2,O2,N2,11.98,88.02,0.0,H2,O2,N2,False
2025-07-07 14:59:19.137,266.992,13.072,86.928,0.0,H2,O2,N2,0.0,0.0,0.0,H2,O2,N2,11.98,88.02,0.0,H2,O2,N2,False
2025-07-07 14:59:20.165,268.02,13.072,86.928,0.0,H2,O2,N2,0.0,0.0,0.0,H2,O2,N2,11.98,88.02,0.0,H2,O2,N2,False
2025-07-07 14:59:21.172,269.027,13.072,86.928,0.0,H2,O2,N2,0.0,0.0,0.0,H2,O2,N2,11.98,88.02,0.0,H2,O2,N2,False
2025-07-07 14:59:22.182,270.037,13.072,86.928,0.0,H2,O2,N2,0.0,0.0,0.0,H2,O2,N2,11.98,88.02,0.0,H2,O2,N2,False
2025-07-07 14:59:23.185,271.039,13.072,86.928,0.0,H2,O2,N2,0.0,0.0,0.0,H2,O2,N2,11.98,88.02,0.0,H2,O2,N2,False
2025-07-07 14:59:24.187,272.041,13.072,86.928,0.0,H2,O2,N2,0.0,0.0,0.0,H2,O2,N2,11.98,88.02,0.0,H2,O2,N2,False
2025-07-07 14:59:25.194,273.049,13.072,86.928,0.0,H2,O2,N2,0.0,0.0,0.0,H2,O2,N2,11.98,88.02,0.0,H2,O2,N2,False
2025-07-07 14:59:26.198,274.053,13.072,86.928,0.0,H2,O2,N2,0.0,0.0,0.0,H2,O2,N2,11.98,88.02,0.0,H2,O2,N2,False
2025-07-07 14:59:27.201,275.055,13.072,86.928,0.0,H2,O2,N2,0.0,0.0,0.0,H2,O2,N2,11.98,88.02,0.0,H2,O2,N2,False
2025-07-07 14:59:28.199,276.054,13.072,86.928,0.0,H2,O2,N2,0.0,0.0,0.0,H2,O2,N2,11.98,88.02,0.0,H2,O2,N2,False
2025-07-07 14:59:29.208,277.063,13.072,86.928,0.0,H2,O2,N2,0.0,0.0,0.0,H2,O2,N2,11.98,88.02,0.0,H2,O2,N2,False
2025-07-07 14:59:30.219,278.074,13.072,86.928,0.0,H2,O2,N2,0.0,0.0,0.0,H2,O2,N2,11.98,88.02,0.0,H2,O2,N2,False
2025-07-07 14:59:31.231,279.086,13.072,86.928,0.0,H2,O2,N2,0.0,0.0,0.0,H2,O2,N2,11.98,88.02,0.0,H2,O2,N2,False
2025-07-07 14:59:32.244,280.099,13.072,86.928,0.0,H2,O2,N2,0.0,0.0,0.0,H2,O2,N2,11.98,88.02,0.0,H2,O2,N2,False
2025-07-07 14:59:33.260,281.115,13.072,86.928,0.0,H2,O2,N2,0.0,0.0,0.0,H2,O2,N2,11.98,88.02,0.0,H2,O2,N2,False
2025-07-07 14:59:34.263,282.118,13.072,86.928,0.0,H2,O2,N2,0.0,0.0,0.0,H2,O2,N2,11.98,88.02,0.0,H2,O2,N2,False
2025-07-07 14:59:35.270,283.125,13.072,86.928,0.0,H2,O2,N2,0.0,0.0,0.0,H2,O2,N2,11.98,88.02,0.0,H2,O2,N2,False
2025-07-07 14:59:36.278,284.133,13.072,86.928,0.0,H2,O2,N2,0.0,0.0,0.0,H2,O2,N2,11.98,88.02,0.0,H2,O2,N2,False
2025-07-07 14:59:37.291,285.145,13.072,86.928,0.0,H2,O2,N2,0.0,0.0,0.0,H2,O2,N2,11.98,88.02,0.0,H2,O2,N2,False
2025-07-07 14:59:38.296,286.151,13.072,86.928,0.0,H2,O2,N2,0.0,0.0,0.0,H2,O2,N2,11.98,88.02,0.0,H2,O2,N2,False
2025-07-07 14:59:39.304,287.159,13.072,86.928,0.0,H2,O2,N2,0.0,0.0,0.0,H2,O2,N2,11.981,88.019,0.0,H2,O2,N2,False
2025-07-07 14:59:40.311,288.166,13.072,86.928,0.0,H2,O2,N2,0.0,0.0,0.0,H2,O2,N2,11.981,88.019,0.0,H2,O2,N2,False
2025-07-07 14:59:41.327,289.182,13.072,86.928,0.0,H2,O2,N2,0.0,0.0,0.0,H2,O2,N2,11.981,88.019,0.0,H2,O2,N2,False
2025-07-07 14:59:42.337,290.192,13.072,86.928,0.0,H2,O2,N2,0.0,0.0,0.0,H2,O2,N2,11.981,88.019,0.0,H2,O2,N2,False
2025-07-07 14:59:43.340,291.195,13.072,86.928,0.0,H2,O2,N2,0.0,0.0,0.0,H2,O2,N2,11.981,88.019,0.0,H2,O2,N2,False
2025-07-07 14:59:44.348,292.202,13.072,86.928,0.0,H2,O2,N2,0.0,0.0,0.0,H2,O2,N2,11.981,88.019,0.0,H2,O2,N2,False
2025-07-07 14:59:45.364,293.219,13.072,86.928,0.0,H2,O2,N2,0.0,0.0,0.0,H2,O2,N2,11.981,88.019,0.0,H2,O2,N2,False
2025-07-07 14:59:46.367,294.222,13.072,86.928,0.0,H2,O2,N2,0.0,0.0,0.0,H2,O2,N2,11.981,88.019,0.0,H2,O2,N2,False
2025-07-07 14:59:47.368,295.223,13.072,86.928,0.0,H2,O2,N2,0.0,0.0,0.0,H2,O2,N2,11.981,88.019,0.0,H2,O2,N2,False
2025-07-07 14:59:48.376,296.231,13.072,86.928,0.0,H2,O2,N2,0.0,0.0,0.0,H2,O2,N2,11.981,88.019,0.0,H2,O2,N2,False
2025-07-07 14:59:49.391,297.246,13.072,86.928,0.0,H2,O2,N2,0.0,0.0,0.0,H2,O2,N2,11.981,88.019,0.0,H2,O2,N2,False
2025-07-07 14:59:50.393,298.247,13.072,86.928,0.0,H2,O2,N2,0.0,0.0,0.0,H2,O2,N2,11.981,88.019,0.0,H2,O2,N2,False
2025-07-07 14:59:51.404,299.259,13.072,86.928,0.0,H2,O2,N2,0.0,0.0,0.0,H2,O2,N2,11.981,88.019,0.0,H2,O2,N2,False
2025-07-07 14:59:52.412,300.267,13.072,86.928,0.0,H2,O2,N2,0.0,0.0,0.0,H2,O2,N2,11.981,88.019,0.0,H2,O2,N2,False
2025-07-07 14:59:53.419,301.273,13.072,86.928,0.0,H2,O2,N2,0.0,0.0,0.0,H2,O2,N2,11.981,88.019,0.0,H2,O2,N2,False
2025-07-07 14:59:54.426,302.281,13.072,86.928,0.0,H2,O2,N2,0.0,0.0,0.0,H2,O2,N2,11.981,88.019,0.0,H2,O2,N2,False
2025-07-07 14:59:55.438,303.293,13.072,86.928,0.0,H2,O2,N2,0.0,0.0,0.0,H2,O2,N2,11.981,88.019,0.0,H2,O2,N2,False
2025-07-07 14:59:56.454,304.309,13.072,86.928,0.0,H2,O2,N2,0.0,0.0,0.0,H2,O2,N2,11.981,88.019,0.0,H2,O2,N2,False
2025-07-07 14:59:57.462,305.317,13.072,86.928,0.0,H2,O2,N2,0.0,0.0,0.0,H2,O2,N2,11.981,88.019,0.0,H2,O2,N2,False
2025-07-07 14:59:58.473,306.328,13.072,86.928,0.0,H2,O2,N2,0.0,0.0,0.0,H2,O2,N2,11.981,88.019,0.0,H2,O2,N2,False
2025-07-07 14:59:59.474,307.328,13.072,86.928,0.0,H2,O2,N2,0.0,0.0,0.0,H2,O2,N2,11.981,88.019,0.0,H2,O2,N2,False
2025-07-07 15:00:00.480,308.335,13.072,86.928,0.0,H2,O2,N2,0.0,0.0,0.0,H2,O2,N2,11.981,88.019,0.0,H2,O2,N2,False
2025-07-07 15:00:01.500,309.355,13.072,86.928,0.0,H2,O2,N2,0.0,0.0,0.0,H2,O2,N2,11.981,88.019,0.0,H2,O2,N2,False
2025-07-07 15:00:02.540,310.395,13.072,86.928,0.0,H2,O2,N2,0.0,0.0,0.0,H2,O2,N2,11.981,88.019,0.0,H2,O2,N2,False
2025-07-07 15:00:03.543,311.398,13.072,86.928,0.0,H2,O2,N2,0.0,0.0,0.0,H2,O2,N2,11.981,88.019,0.0,H2,O2,N2,False
2025-07-07 15:00:04.551,312.406,13.072,86.928,0.0,H2,O2,N2,0.0,0.0,0.0,H2,O2,N2,11.981,88.019,0.0,H2,O2,N2,False
2025-07-07 15:00:05.560,313.415,13.072,86.928,0.0,H2,O2,N2,0.0,0.0,0.0,H2,O2,N2,11.981,88.019,0.0,H2,O2,N2,False
2025-07-07 15:00:06.572,314.426,13.072,86.928,0.0,H2,O2,N2,0.0,0.0,0.0,H2,O2,N2,11.981,88.019,0.0,H2,O2,N2,False
2025-07-07 15:00:07.574,315.428,13.072,86.928,0.0,H2,O2,N2,0.0,0.0,0.0,H2,O2,N2,11.981,88.019,0.0,H2,O2,N2,False
2025-07-07 15:00:08.588,316.443,13.072,86.928,0.0,H2,O2,N2,0.0,0.0,0.0,H2,O2,N2,11.981,88.019,0.0,H2,O2,N2,False
2025-07-07 15:00:09.589,317.443,13.072,86.928,0.0,H2,O2,N2,0.0,0.0,0.0,H2,O2,N2,11.981,88.019,0.0,H2,O2,N2,False
2025-07-07 15:00:10.592,318.446,13.072,86.928,0.0,H2,O2,N2,0.0,0.0,0.0,H2,O2,N2,11.981,88.019,0.0,H2,O2,N2,False
2025-07-07 15:00:11.600,319.454,13.072,86.928,0.0,H2,O2,N2,0.0,0.0,0.0,H2,O2,N2,11.981,88.019,0.0,H2,O2,N2,False
2025-07-07 15:00:12.600,320.455,13.072,86.928,0.0,H2,O2,N2,0.0,0.0,0.0,H2,O2,N2,11.981,88.019,0.0,H2,O2,N2,False
2025-07-07 15:00:13.613,321.467,13.072,86.928,0.0,H2,O2,N2,0.0,0.0,0.0,H2,O2,N2,11.981,88.019,0.0,H2,O2,N2,False
2025-07-07 15:00:14.612,322.466,13.072,86.928,0.0,H2,O2,N2,0.0,0.0,0.0,H2,O2,N2,11.981,88.019,0.0,H2,O2,N2,False
2025-07-07 15:00:15.615,323.47,13.072,86.928,0.0,H2,O2,N2,0.0,0.0,0.0,H2,O2,N2,11.981,88.019,0.0,H2,O2,N2,False
2025-07-07 15:00:16.620,324.475,13.072,86.928,0.0,H2,O2,N2,0.0,0.0,0.0,H2,O2,N2,11.981,88.019,0.0,H2,O2,N2,False
2025-07-07 15:00:17.626,325.48,13.072,86.928,0.0,H2,O2,N2,0.0,0.0,0.0,H2,O2,N2,11.981,88.019,0.0,H2,O2,N2,False
2025-07-07 15:00:18.627,326.482,13.072,86.928,0.0,H2,O2,N2,0.0,0.0,0.0,H2,O2,N2,11.981,88.019,0.0,H2,O2,N2,False
2025-07-07 15:00:19.635,327.49,13.072,86.928,0.0,H2,O2,N2,0.0,0.0,0.0,H2,O2,N2,11.981,88.019,0.0,H2,O2,N2,False
2025-07-07 15:00:20.649,328.503,13.072,86.928,0.0,H2,O2,N2,0.0,0.0,0.0,H2,O2,N2,11.981,88.019,0.0,H2,O2,N2,False
2025-07-07 15:00:21.649,329.504,13.073,86.927,0.0,H2,O2,N2,0.0,0.0,0.0,H2,O2,N2,11.982,88.018,0.0,H2,O2,N2,False
2025-07-07 15:00:22.661,330.516,13.073,86.927,0.0,H2,O2,N2,0.0,0.0,0.0,H2,O2,N2,11.982,88.018,0.0,H2,O2,N2,False
2025-07-07 15:00:23.666,331.521,13.073,86.927,0.0,H2,O2,N2,0.0,0.0,0.0,H2,O2,N2,11.982,88.018,0.0,H2,O2,N2,False
2025-07-07 15:00:24.675,332.53,13.073,86.927,0.0,H2,O2,N2,0.0,0.0,0.0,H2,O2,N2,11.982,88.018,0.0,H2,O2,N2,False
2025-07-07 15:00:25.679,333.534,13.073,86.927,0.0,H2,O2,N2,0.0,0.0,0.0,H2,O2,N2,11.982,88.018,0.0,H2,O2,N2,False
2025-07-07 15:00:26.681,334.535,13.073,86.927,0.0,H2,O2,N2,0.0,0.0,0.0,H2,O2,N2,11.982,88.018,0.0,H2,O2,N2,False
2025-07-07 15:00:27.681,335.535,13.073,86.927,0.0,H2,O2,N2,0.0,0.0,0.0,H2,O2,N2,11.982,88.018,0.0,H2,O2,N2,False
2025-07-07 15:00:28.689,336.543,13.073,86.927,0.0,H2,O2,N2,0.0,0.0,0.0,H2,O2,N2,11.982,88.018,0.0,H2,O2,N2,False
2025-07-07 15:00:29.703,337.558,13.073,86.927,0.0,H2,O2,N2,0.0,0.0,0.0,H2,O2,N2,11.982,88.018,0.0,H2,O2,N2,False
2025-07-07 15:00:30.723,338.578,13.073,86.927,0.0,H2,O2,N2,0.0,0.0,0.0,H2,O2,N2,11.982,88.018,0.0,H2,O2,N2,False
2025-07-07 15:00:31.730,339.585,13.073,86.927,0.0,H2,O2,N2,0.0,0.0,0.0,H2,O2,N2,11.982,88.018,0.0,H2,O2,N2,False
2025-07-07 15:00:32.734,340.588,13.073,86.927,0.0,H2,O2,N2,0.0,0.0,0.0,H2,O2,N2,11.982,88.018,0.0,H2,O2,N2,False
2025-07-07 15:00:33.741,341.596,13.073,86.927,0.0,H2,O2,N2,0.0,0.0,0.0,H2,O2,N2,11.982,88.018,0.0,H2,O2,N2,False
2025-07-07 15:00:34.749,342.603,13.073,86.927,0.0,H2,O2,N2,0.0,0.0,0.0,H2,O2,N2,11.982,88.018,0.0,H2,O2,N2,False
2025-07-07 15:00:35.759,343.614,13.073,86.927,0.0,H2,O2,N2,0.0,0.0,0.0,H2,O2,N2,11.982,88.018,0.0,H2,O2,N2,False
2025-07-07 15:00:36.757,344.612,13.073,86.927,0.0,H2,O2,N2,0.0,0.0,0.0,H2,O2,N2,11.982,88.018,0.0,H2,O2,N2,False
2025-07-07 15:00:37.767,345.622,13.073,86.927,0.0,H2,O2,N2,0.0,0.0,0.0,H2,O2,N2,11.982,88.018,0.0,H2,O2,N2,False
2025-07-07 15:00:38.774,346.628,13.073,86.927,0.0,H2,O2,N2,0.0,0.0,0.0,H2,O2,N2,11.982,88.018,0.0,H2,O2,N2,False
2025-07-07 15:00:39.791,347.645,13.073,86.927,0.0,H2,O2,N2,0.0,0.0,0.0,H2,O2,N2,11.982,88.018,0.0,H2,O2,N2,False
2025-07-07 15:00:40.784,348.639,13.073,86.927,0.0,H2,O2,N2,0.0,0.0,0.0,H2,O2,N2,11.982,88.018,0.0,H2,O2,N2,False
2025-07-07 15:00:41.788,349.643,13.073,86.927,0.0,H2,O2,N2,0.0,0.0,0.0,H2,O2,N2,11.982,88.018,0.0,H2,O2,N2,False
2025-07-07 15:00:42.795,350.649,13.073,86.927,0.0,H2,O2,N2,0.0,0.0,0.0,H2,O2,N2,11.982,88.018,0.0,H2,O2,N2,False
2025-07-07 15:00:43.799,351.653,13.073,86.927,0.0,H2,O2,N2,0.0,0.0,0.0,H2,O2,N2,11.982,88.018,0.0,H2,O2,N2,False
2025-07-07 15:00:44.809,352.664,13.073,86.927,0.0,H2,O2,N2,0.0,0.0,0.0,H2,O2,N2,11.982,88.018,0.0,H2,O2,N2,False
2025-07-07 15:00:45.822,353.676,13.073,86.927,0.0,H2,O2,N2,0.0,0.0,0.0,H2,O2,N2,11.982,88.018,0.0,H2,O2,N2,False
2025-07-07 15:00:46.834,354.688,13.073,86.927,0.0,H2,O2,N2,0.0,0.0,0.0,H2,O2,N2,11.982,88.018,0.0,H2,O2,N2,False
2025-07-07 15:00:47.842,355.697,13.073,86.927,0.0,H2,O2,N2,0.0,0.0,0.0,H2,O2,N2,11.982,88.018,0.0,H2,O2,N2,False
2025-07-07 15:00:48.850,356.705,13.073,86.927,0.0,H2,O2,N2,0.0,0.0,0.0,H2,O2,N2,11.982,88.018,0.0,H2,O2,N2,False
2025-07-07 15:00:49.860,357.714,13.073,86.927,0.0,H2,O2,N2,0.0,0.0,0.0,H2,O2,N2,11.982,88.018,0.0,H2,O2,N2,False
2025-07-07 15:00:50.859,358.713,13.073,86.927,0.0,H2,O2,N2,0.0,0.0,0.0,H2,O2,N2,11.982,88.018,0.0,H2,O2,N2,False
2025-07-07 15:00:51.870,359.724,13.073,86.927,0.0,H2,O2,N2,0.0,0.0,0.0,H2,O2,N2,11.982,88.018,0.0,H2,O2,N2,False
2025-07-07 15:00:52.908,360.763,13.073,86.927,0.0,H2,O2,N2,0.0,0.0,0.0,H2,O2,N2,11.982,88.018,0.0,H2,O2,N2,False
2025-07-07 15:00:53.919,361.773,13.073,86.927,0.0,H2,O2,N2,0.0,0.0,0.0,H2,O2,N2,11.982,88.018,0.0,H2,O2,N2,False
2025-07-07 15:00:54.932,362.787,13.073,86.927,0.0,H2,O2,N2,0.0,0.0,0.0,H2,O2,N2,11.982,88.018,0.0,H2,O2,N2,False
2025-07-07 15:00:55.938,363.793,13.073,86.927,0.0,H2,O2,N2,0.0,0.0,0.0,H2,O2,N2,11.982,88.018,0.0,H2,O2,N2,False
2025-07-07 15:00:56.940,364.795,13.073,86.927,0.0,H2,O2,N2,0.0,0.0,0.0,H2,O2,N2,11.982,88.018,0.0,H2,O2,N2,False
2025-07-07 15:00:57.945,365.8,13.073,86.927,0.0,H2,O2,N2,0.0,0.0,0.0,H2,O2,N2,11.982,88.017,0.0,H2,O2,N2,False
2025-07-07 15:00:58.946,366.8,13.073,86.927,0.0,H2,O2,N2,0.0,0.0,0.0,H2,O2,N2,11.982,88.017,0.0,H2,O2,N2,False
2025-07-07 15:00:59.955,367.81,13.073,86.927,0.0,H2,O2,N2,0.0,0.0,0.0,H2,O2,N2,11.982,88.017,0.0,H2,O2,N2,False
2025-07-07 15:01:00.962,368.817,13.073,86.927,0.0,H2,O2,N2,0.0,0.0,0.0,H2,O2,N2,11.982,88.017,0.0,H2,O2,N2,False
2025-07-07 15:01:01.969,369.823,13.073,86.927,0.0,H2,O2,N2,0.0,0.0,0.0,H2,O2,N2,11.982,88.017,0.0,H2,O2,N2,False
2025-07-07 15:01:02.989,370.844,13.073,86.927,0.0,H2,O2,N2,0.0,0.0,0.0,H2,O2,N2,11.982,88.017,0.0,H2,O2,N2,False
2025-07-07 15:01:03.993,371.848,13.073,86.927,0.0,H2,O2,N2,0.0,0.0,0.0,H2,O2,N2,11.982,88.017,0.0,H2,O2,N2,False
2025-07-07 15:01:05.004,372.859,13.073,86.927,0.0,H2,O2,N2,0.0,0.0,0.0,H2,O2,N2,11.982,88.017,0.0,H2,O2,N2,False
2025-07-07 15:01:06.012,373.866,13.073,86.927,0.0,H2,O2,N2,0.0,0.0,0.0,H2,O2,N2,11.982,88.017,0.0,H2,O2,N2,False
2025-07-07 15:01:07.024,374.879,13.073,86.927,0.0,H2,O2,N2,0.0,0.0,0.0,H2,O2,N2,11.982,88.017,0.0,H2,O2,N2,False
2025-07-07 15:01:08.029,375.884,13.073,86.927,0.0,H2,O2,N2,0.0,0.0,0.0,H2,O2,N2,11.982,88.017,0.0,H2,O2,N2,False
2025-07-07 15:01:09.030,376.885,13.073,86.927,0.0,H2,O2,N2,0.0,0.0,0.0,H2,O2,N2,11.982,88.017,0.0,H2,O2,N2,False
2025-07-07 15:01:10.038,377.893,13.074,86.927,0.0,H2,O2,N2,0.0,0.0,0.0,H2,O2,N2,11.983,88.017,0.0,H2,O2,N2,False
2025-07-07 15:01:11.050,378.905,13.074,86.927,0.0,H2,O2,N2,0.0,0.0,0.0,H2,O2,N2,11.983,88.017,0.0,H2,O2,N2,False
2025-07-07 15:01:12.070,379.924,13.074,86.927,0.0,H2,O2,N2,0.0,0.0,0.0,H2,O2,N2,11.983,88.017,0.0,H2,O2,N2,False
2025-07-07 15:01:13.077,380.932,13.074,86.927,0.0,H2,O2,N2,0.0,0.0,0.0,H2,O2,N2,11.983,88.017,0.0,H2,O2,N2,False
2025-07-07 15:01:14.078,381.932,13.074,86.927,0.0,H2,O2,N2,0.0,0.0,0.0,H2,O2,N2,11.983,88.017,0.0,H2,O2,N2,False
2025-07-07 15:01:15.081,382.936,13.074,86.927,0.0,H2,O2,N2,0.0,0.0,0.0,H2,O2,N2,11.983,88.017,0.0,H2,O2,N2,False
2025-07-07 15:01:16.088,383.943,13.074,86.927,0.0,H2,O2,N2,0.0,0.0,0.0,H2,O2,N2,11.983,88.017,0.0,H2,O2,N2,False
2025-07-07 15:01:17.099,384.953,13.074,86.927,0.0,H2,O2,N2,0.0,0.0,0.0,H2,O2,N2,11.983,88.017,0.0,H2,O2,N2,False
2025-07-07 15:01:18.109,385.964,13.074,86.927,0.0,H2,O2,N2,0.0,0.0,0.0,H2,O2,N2,11.983,88.017,0.0,H2,O2,N2,False
2025-07-07 15:01:19.110,386.965,13.074,86.927,0.0,H2,O2,N2,0.0,0.0,0.0,H2,O2,N2,11.983,88.017,0.0,H2,O2,N2,False
2025-07-07 15:01:20.113,387.968,13.074,86.927,0.0,H2,O2,N2,0.0,0.0,0.0,H2,O2,N2,11.983,88.017,0.0,H2,O2,N2,False
2025-07-07 15:01:21.122,388.977,13.074,86.927,0.0,H2,O2,N2,0.0,0.0,0.0,H2,O2,N2,11.983,88.017,0.0,H2,O2,N2,False
2025-07-07 15:01:22.132,389.986,13.073,86.927,0.0,H2,O2,N2,0.0,0.0,0.0,H2,O2,N2,11.983,88.017,0.0,H2,O2,N2,False
2025-07-07 15:01:23.145,390.999,13.073,86.927,0.0,H2,O2,N2,0.0,0.0,0.0,H2,O2,N2,11.983,88.017,0.0,H2,O2,N2,False
2025-07-07 15:01:24.166,392.02,13.073,86.927,0.0,H2,O2,N2,0.0,0.0,0.0,H2,O2,N2,11.983,88.017,0.0,H2,O2,N2,False
2025-07-07 15:01:25.180,393.034,13.073,86.927,0.0,H2,O2,N2,0.0,0.0,0.0,H2,O2,N2,11.983,88.017,0.0,H2,O2,N2,False
2025-07-07 15:01:26.189,394.043,13.073,86.927,0.0,H2,O2,N2,0.0,0.0,0.0,H2,O2,N2,11.983,88.017,0.0,H2,O2,N2,False
2025-07-07 15:01:27.199,395.053,13.073,86.927,0.0,H2,O2,N2,0.0,0.0,0.0,H2,O2,N2,11.983,88.017,0.0,H2,O2,N2,False
